category,rank,name,country,points,movement,profile
Men's Singles,1,Shi Yuqi,China,105305,,https://m.aiscore.com/badminton/player-shi-yuqi/jek33vc884dsdko
Men's Singles,2,Kunlavut Vitidsarn,Thailand,92565,,https://m.aiscore.com/badminton/player-kunlavut-vitidsarn/g6763zc5p0dbp7r
Men's Singles,3,Anders Antonsen,Denmark,91155,,https://m.aiscore.com/badminton/player-anders-antonsen/o17pj3co4yla27j
Men's Singles,4,Jonatan Christie,Indonesia,88431,,https://m.aiscore.com/badminton/player-jonatan-christie/34kgm3cool0c8ko
Men's Singles,5,Christo Popov,France,84682,,https://m.aiscore.com/badminton/player-christo-popov/oj7x9jcxz01cr7g
Men's Singles,6,Chou Tien-chen,Chinese Taipei,80280,,https://m.aiscore.com/badminton/player-chou-tien-chen/ndkz69c33glceq3
Men's Singles,7,Alex Lanier,France,74525,,https://m.aiscore.com/badminton/player-alex-lanier/jr7owrcp3yvi3q0
Men's Singles,8,Li Shifeng,China,73083,,https://m.aiscore.com/badminton/player-li-shifeng/ndkz69c3lmpaeq3
Men's Singles,9,Victor Lai,Canada,71865,,https://m.aiscore.com/badminton/player-victor-lai/ezk96jcw4zpswkn
Men's Singles,10,Alwi Farhan,Indonesia,68409,,https://m.aiscore.com/badminton/player-alwi-farhan/o07dn3cp54ea9kn
Men's Singles,11,Kodai Naraoka,Japan,68020,,https://m.aiscore.com/badminton/player-kodai-naraoka/zrkn68c41evinql
Men's Singles,12,Lin Chun-yi,Chinese Taipei,66594,,https://m.aiscore.com/badminton/player-lin-chun-yi/j374oxc0wr6brqo
Men's Singles,13,Loh Kean Yew,Singapore,65700,,https://m.aiscore.com/badminton/player-loh-kean-yew/jr7owrcpp56t3q0
Men's Singles,14,Lakshya Sen,India,65213,,https://m.aiscore.com/badminton/player-lakshya-sen/wv78x6cvwewsnkr
Men's Singles,15,Weng Hongyang,China,59341,,https://m.aiscore.com/badminton/player-weng-hongyang/34kgm3cox83u8ko
Men's Singles,16,Toma Junior Popov,France,58597,,https://m.aiscore.com/badminton/player-toma-junior-popov/9gklz8c1nj9t17x
Men's Singles,17,Koki Watanabe,Japan,57920,,https://m.aiscore.com/badminton/player-koki-watanabe/l6keg3c8r63ug75
Men's Singles,18,Panitchaphon Teeraratsakul,Thailand,56485,,https://m.aiscore.com/badminton/player-panitchaphon-teeraratsakul/ezk96jcw1zgiwkn
Men's Singles,19,Yu Jen Chi,Chinese Taipei,55487,,https://m.aiscore.com/badminton/player-yu-jen-chi/vmqy98cvyzyc4k9
Men's Singles,20,Kenta Nishimoto,Japan,50109,,https://m.aiscore.com/badminton/player-kenta-nishimoto/m2q156czz8wfm76
Men's Singles,21,Lee Cheuk-yiu,"Hong Kong, China",49253,,https://m.aiscore.com/badminton/player-lee-cheuk-yiu/vmqy98cvyj8f4k9
Men's Singles,22,Yushi Tanaka,Japan,48705,,https://m.aiscore.com/badminton/player-yushi-tanaka/69759nc93y5fnk2
Men's Singles,23,Yudai Okimoto,Japan,47344,,https://m.aiscore.com/badminton/player-yudai-okimoto/m2q156cvd5dhm76
Men's Singles,24,Ayush Shetty,India,47059,,https://m.aiscore.com/badminton/player-ayush-shetty/jr7owrcex1zh3q0
Men's Singles,25,Nhat Nguyen,Ireland,46121,,https://m.aiscore.com/badminton/player-nhat-nguyen/o17pj3coedya27j
Men's Singles,26,Angus Ng Ka Long,"Hong Kong, China",45119,,https://m.aiscore.com/badminton/player-angus-ng-ka-long/527r3dc44l4t87e
Men's Singles,27,Moh. Zaki Ubaidillah,Indonesia,44191,,https://m.aiscore.com/badminton/player-moh-zaki-ubaidillah/dqml6cxx1gocgkv
Men's Singles,28,Rasmus Gemke,Denmark,43634,,https://m.aiscore.com/badminton/player-rasmus-gemke/o17pj3copwpa27j
Men's Singles,29,Jia Heng Jason Teh,Singapore,43408,,https://m.aiscore.com/badminton/player-jia-heng-jason-teh/jr7owrcpnrpt3q0
Men's Singles,30,Leong Jun Hao,Malaysia,43269,,https://m.aiscore.com/badminton/player-leong-jun-hao/jr7owrcpz03s3q0
Men's Singles,31,Lu Guangzu,China,43240,,https://m.aiscore.com/badminton/player-lu-guangzu/vrqwnzc40gzsdqn
Men's Singles,32,Lee Chia-hao,Chinese Taipei,42902,,https://m.aiscore.com/badminton/player-lee-chia-hao/wv78x6cv13yfnkr
Men's Singles,33,Wang Tzu-wei,Chinese Taipei,40749,,https://m.aiscore.com/badminton/player-wang-tzu-wei/o17pj3cooo4s27j
Men's Singles,34,Arnaud Merkle,France,40714,,https://m.aiscore.com/badminton/player-arnaud-merkle/527r3dc4mwwu87e
Men's Singles,35,Kidambi Srikanth,India,40675,,https://m.aiscore.com/badminton/player-kidambi-srikanth/m2q156czzw5bm76
Men's Singles,36,Haseena Sunil Prannoy,India,40104,,https://m.aiscore.com/badminton/player-haseena-sunil-prannoy/j374oxc0038crqo
Men's Singles,37,Wang Zhengxing,China,39931,,https://m.aiscore.com/badminton/player-wang-zhengxing/vrqwnzcpz1wbdqn
Men's Singles,38,Brian Yang,Canada,39485,,https://m.aiscore.com/badminton/player-brian-yang/m2q156czwgrbm76
Men's Singles,39,Jeon Hyeok Jin,South Korea,39200,,https://m.aiscore.com/badminton/player-jeon-hyeok-jin/zrkn68c41mlhnql
Men's Singles,40,Jason Gunawan,"Hong Kong, China",38630,,https://m.aiscore.com/badminton/player-jason-gunawan/edq09gc134ni4qx
Men's Singles,41,Li Yang Su,Chinese Taipei,38288,,https://m.aiscore.com/badminton/player-li-yang-su/ndqml6cw82ycgkv
Men's Singles,42,Hu Zhean,China,36896,,https://m.aiscore.com/badminton/player-hu-zhean/vkjozc99j58fx79
Men's Singles,43,Magnus Johannesen,Denmark,36452,,https://m.aiscore.com/badminton/player-magnus-johannesen/zrkn68c4d3zbnql
Men's Singles,44,Prahdiska Bagas Shujiwo,Indonesia,36423,,https://m.aiscore.com/badminton/player-prahdiska-bagas-shujiwo/527r3dcddppb87e
Men's Singles,45,Wang Po-Wei,Chinese Taipei,35960,,https://m.aiscore.com/badminton/player-wang-po-wei/o17pj3cgr0rt27j
Men's Singles,46,Anthony Sinisuka Ginting,Indonesia,34759,,https://m.aiscore.com/badminton/player-anthony-sinisuka-ginting/63kv9jcggprsp7e
Men's Singles,47,Julien Carraggi,Belgium,34069,,https://m.aiscore.com/badminton/player-julien-carraggi/zrkn68c42z6inql
Men's Singles,48,Muhamad Yusuf,Indonesia,33660,,https://m.aiscore.com/badminton/player-muhamad-yusuf/lk2d9cg5mlds373
Men's Singles,49,Dong Tian Yao,China,33660,,https://m.aiscore.com/badminton/player-dong-tian-yao/ndkz69cpo0wheq3
Men's Singles,50,Minoru Koga,Japan,33570,,https://m.aiscore.com/badminton/player-minoru-koga/l6keg3c8mjmbg75
Men's Singles,51,Justin Hoh,Malaysia,33152,,https://m.aiscore.com/badminton/player-justin-hoh/zrkn68c12ovtnql
Men's Singles,52,Kiran George,India,31270,,https://m.aiscore.com/badminton/player-kiran-george/m2q156cz9mvcm76
Men's Singles,53,Tharun Mannepalli,India,31126,,https://m.aiscore.com/badminton/player-tharun-mannepalli/g6763zc9zgdsp7r
Men's Singles,54,Lee Zii Jia,Malaysia,30805,,https://m.aiscore.com/badminton/player-lee-zii-jia/edq09gclg33a4qx
Men's Singles,55,Daniil Dubovenko,Israel,30493,,https://m.aiscore.com/badminton/player-daniil-dubovenko/ndqml6cyve2ugkv
Men's Singles,56,Wang Yu-Kai,Chinese Taipei,30420,,https://m.aiscore.com/badminton/player-wang-yu-kai/9759nc33wv5hnk2
Men's Singles,57,Riki Takei,Japan,30360,,https://m.aiscore.com/badminton/player-riki-takei/m2q156clyrlam76
Men's Singles,58,Kalle Koljonen,Finland,30310,,https://m.aiscore.com/badminton/player-kalle-koljonen/527r3dc4486b87e
Men's Singles,59,Aria Dinata,Croatia,29599,,https://m.aiscore.com/badminton/player-aria-dinata/o17pj3c431lf27j
Men's Singles,60,Harry Huang,England,29014,,https://m.aiscore.com/badminton/player-harry-huang/69759ncgzr0ink2
Men's Singles,61,Kantaphon Wangcharoen,Thailand,28388,,https://m.aiscore.com/badminton/player-kantaphon-wangcharoen/527r3dc43p3f87e
Men's Singles,62,Jonathan Matias,Brazil,28387,,https://m.aiscore.com/badminton/player-jonathan-matias/zrkn68c4ex0anql
Men's Singles,63,Mithun Manjunath,India,27770,,https://m.aiscore.com/badminton/player-mithun-manjunath/edq09gclgn9u4qx
Men's Singles,64,Liao Jhuo-Fu,Chinese Taipei,27620,,https://m.aiscore.com/badminton/player-liao-jhuo-fu/xvkjozc1dgecx79
Men's Singles,65,Zhu Xuan Chen,China,27555,,https://m.aiscore.com/badminton/player-zhu-xuan-chen/527r3dcdyzos87e
Men's Singles,66,Rounak Chouhan,India,27260,,https://m.aiscore.com/badminton/player-rounak-chouhan/3kv9jcmjpjgfp7e
Men's Singles,67,Ditlev Jaeger Holm,Denmark,27101,,https://m.aiscore.com/badminton/player-ditlev-jaeger-holm/ndkz69c3gpzheq3
Men's Singles,68,Joakim Oldorff,Finland,26724,,https://m.aiscore.com/badminton/player-joakim-oldorff/9gklz8c1gedt17x
Men's Singles,69,Richie Duta Richardo,Indonesia,26331,,https://m.aiscore.com/badminton/player-richie-duta-richardo/9759nc3v4mgtnk2
Men's Singles,70,Cheam June Wei,Malaysia,26150,,https://m.aiscore.com/badminton/player-cheam-june-wei/g6763zc5pdxcp7r
Men's Singles,71,Hai Dang Nguyen,Vietnam,25820,,https://m.aiscore.com/badminton/player-hai-dang-nguyen/ndkz69c088vieq3
Men's Singles,72,Yoo Taebin,South Korea,25619,,https://m.aiscore.com/badminton/player-yoo-taebin/9gklz8ce1llc17x
Men's Singles,73,Saneeth Dayanand Shimoga,India,25410,,https://m.aiscore.com/badminton/player-saneeth-dayanand-shimoga/vrqwnzcjwo8tdqn
Men's Singles,74,Misha Zilberman,Israel,24997,,https://m.aiscore.com/badminton/player-misha-zilberman/jek33vc88epcdko
Men's Singles,75,Rithvik Sanjeevi Satish Kumar,India,24290,,https://m.aiscore.com/badminton/player-rithvik-sanjeevi-satish-kumar/oj7x9jcp3gesr7g
Men's Singles,76,Ping Hsien Huang,Chinese Taipei,24260,,https://m.aiscore.com/badminton/player-ping-hsien-huang/xvkjozc8x58fx79
Men's Singles,77,Mark Shelley Alcala,USA,23212,,https://m.aiscore.com/badminton/player-mark-shelley-alcala/vmqy98cvynya4k9
Men's Singles,78,Eogene Ewe,Malaysia,23175,,https://m.aiscore.com/badminton/player-eogene-ewe/63kv9jcl9gycp7e
Men's Singles,79,Shogo Ogawa,Japan,23060,,https://m.aiscore.com/badminton/player-shogo-ogawa/9gklz8czoyyb17x
Men's Singles,80,Bismo Raya Oktora,Indonesia,22730,,https://m.aiscore.com/badminton/player-bismo-raya-oktora/rqwnzco848lsdqn
Men's Singles,81,William Boegebjerg,Denmark,22109,,https://m.aiscore.com/badminton/player-william-boegebjerg/wv78x6cld9wcnkr
Men's Singles,82,Josh Nguyen,Canada,22067,,https://m.aiscore.com/badminton/player-josh-nguyen/o07dn3c4j8eh9kn
Men's Singles,83,Choi Ji Hoon,South Korea,22005,,https://m.aiscore.com/badminton/player-choi-ji-hoon/9gklz8c1n4yh17x
Men's Singles,84,Sholeh Ali Sadikin Aidil,Malaysia,21900,,https://m.aiscore.com/badminton/player-sholeh-ali-sadikin-aidil/l6keg3c86jvhg75
Men's Singles,85,Enogat Roy,France,21618,,https://m.aiscore.com/badminton/player-enogat-roy/edq09gcloypu4qx
Men's Singles,86,Sankar Muthusamy Subramanian,India,21520,,https://m.aiscore.com/badminton/player-sankar-muthusamy-subramanian/ezk96jcjg6duwkn
Men's Singles,87,Dumindu Abeywickrama,Sri Lanka,21200,,https://m.aiscore.com/badminton/player-dumindu-abeywickrama-/69759nc43odfnk2
Men's Singles,88,Ting Yen-Chen,Chinese Taipei,20949,,https://m.aiscore.com/badminton/player-ting-yen-chen/j374oxc2l16urqo
Men's Singles,89,Kevin Cordon,Guatemala,20874,,https://m.aiscore.com/badminton/player-kevin-cordon/527r3dc44v1f87e
Men's Singles,90,Viren Nettasinghe,Sri Lanka,20800,,https://m.aiscore.com/badminton/player-viren-nettasinghe/ezk96jc1yz6swkn
Men's Singles,91,Tushar Suveer,India,20620,,https://m.aiscore.com/badminton/player-tushar-suveer/dq09gcmx06nu4qx
Men's Singles,92,Viktor Axelsen,Denmark,20290,,https://m.aiscore.com/badminton/player-viktor-axelsen/527r3dc44m4b87e
Men's Singles,93,Dominik Kwinta,Poland,20170,,https://m.aiscore.com/badminton/player-dominik-kwinta/g6763zc9p1ntp7r
Men's Singles,94,Uriel Francisco Canjura Artiga,El Salvador,20116,,https://m.aiscore.com/badminton/player-uriel-francisco-canjura-artiga/9gklz8c1m0nf17x
Men's Singles,95,Donnians Oliveira,Brazil,19680,,https://m.aiscore.com/badminton/player-donnians-oliveira/jr7owrcoe49s3q0
Men's Singles,96,Dendi Triansyah,Indonesia,19680,,https://m.aiscore.com/badminton/player-dendi-triansyah/dkz69cz9wnnheq3
Men's Singles,97,Dmitriy Panarin,Kazakhstan,19614,,https://m.aiscore.com/badminton/player-dmitriy-panarin/vmqy98cywmmb4k9
Men's Singles,98,Manraj Singh,India,19580,,https://m.aiscore.com/badminton/player-manraj-singh/j374oxcp101hrqo
Men's Singles,99,Matthias Kicklitz,Germany,19548,,https://m.aiscore.com/badminton/player-matthias-kicklitz/edq09gc2g2xt4qx
Men's Singles,100,Christian Adinata,Indonesia,19260,,https://m.aiscore.com/badminton/player-christian-adinata/wv78x6cv806ankr
Men's Singles,101,Alap Mishra,India,19140,,https://m.aiscore.com/badminton/player-alap-mishra/o17pj3coepwa27j
Men's Singles,102,Park Sang Yong,South Korea,18964,,https://m.aiscore.com/badminton/player-park-sang-yong/34kgm3c3z9xi8ko
Men's Singles,103,Jing Hong Kok,Malaysia,18927,,https://m.aiscore.com/badminton/player-jing-hong-kok/jr7owrcy5e1u3q0
Men's Singles,104,Adriano Viale Aguirre,Peru,18533,,https://m.aiscore.com/badminton/player-adriano-viale-aguirre/wv78x6cyoyofnkr
Men's Singles,105,Fabio Caponio,Italy,18182,,https://m.aiscore.com/badminton/player-fabio-caponio/jr7owrcpd01b3q0
Men's Singles,106,Jakob Houe,Denmark,17560,,https://m.aiscore.com/badminton/player-jakob-houe/vrqwnzc0r6vidqn
Men's Singles,107,Ade Resky Dwicahyo,Azerbaijan,17417,,https://m.aiscore.com/badminton/player-ade-resky-dwicahyo/o17pj3covyou27j
Men's Singles,108,Garret Tan,USA,17399,,https://m.aiscore.com/badminton/player-garret-tan/m2q156cl22dim76
Men's Singles,109,Cho Geonyeop,South Korea,17340,,https://m.aiscore.com/badminton/player-cho-geonyeop/34kgm3c40m1c8ko
Men's Singles,110,Giovanni Toti,Italy,17216,,https://m.aiscore.com/badminton/player-giovanni-toti/oj7x9jcxz8par7g
Men's Singles,111,Lakshay Sharma,India,17060,,https://m.aiscore.com/badminton/player-lakshay-sharma/27r3dce0923b87e
Men's Singles,112,Kauffmann Victor Oerding,Denmark,16910,,https://m.aiscore.com/badminton/player-kauffmann-victor-oerding/wv78x6cvm5pankr
Men's Singles,113,Kim Byung Jae,South Korea,16900,,https://m.aiscore.com/badminton/player-kim-byung-jae/mqy98cj0yywu4k9
Men's Singles,114,Christopher Vittoriani,Italy,16360,,https://m.aiscore.com/badminton/player-christopher-vittoriani/j374oxc4z4warqo
Men's Singles,115,Riku Hatano,Japan,16360,,https://m.aiscore.com/badminton/player-riku-hatano/zrkn68c8xjlsnql
Men's Singles,116,Wu Zhe Ying,Chinese Taipei,16120,,https://m.aiscore.com/badminton/player-wu-zhe-ying/zk96jcnd3dxcwkn
Men's Singles,117,Chico Aura Dwi Wardoyo,Indonesia,16100,,https://m.aiscore.com/badminton/player-chico-aura-dwi-wardoyo/m2q156czzg0um76
Men's Singles,118,Mikolaj Szymanowski,Poland,15780,,https://m.aiscore.com/badminton/player-mikolaj-szymanowski/edq09gcw232b4qx
Men's Singles,119,Tobias Kuenzi,Switzerland,15615,,https://m.aiscore.com/badminton/player-tobias-kuenzi/j374oxc09geirqo
Men's Singles,120,Gustav Bjorkler,Sweden,15604,,https://m.aiscore.com/badminton/player-gustav-bjorkler/ndqml6c909jcgkv
Men's Singles,121,Meiraba Luwang,India,15510,,https://m.aiscore.com/badminton/player-meiraba-luwang/l6keg3cryy3cg75
Men's Singles,122,Clarence Villaflor,Philippines,15490,,https://m.aiscore.com/badminton/player-clarence-villaflor/4kgm3c2p140f8ko
Men's Singles,123,Edward Lau,New Zealand,15341,,https://m.aiscore.com/badminton/player-edward-lau/9gklz8c1r63u17x
Men's Singles,124,Dicky Dwi Pangestu,Azerbaijan,15133,,https://m.aiscore.com/badminton/player-dicky-dwi-pangestu/j374oxcm12purqo
Men's Singles,125,Yohanes Saut Marcellyno,Indonesia,15110,,https://m.aiscore.com/badminton/player-yohanes-saut-marcellyno/34kgm3c8wmrf8ko
Men's Singles,126,Siddhanth Gupta,India,15060,,https://m.aiscore.com/badminton/player-siddhanth-gupta/oj7x9jcvl5gcr7g
Men's Singles,127,Kuo Kuan Lin,Chinese Taipei,14950,,https://m.aiscore.com/badminton/player-kuo-kuan-lin/9gklz8c2y0of17x
Men's Singles,128,Collins Valentine Filimon,Austria,14909,,https://m.aiscore.com/badminton/player-collins-valentine-filimon/j374oxc05p0srqo
Men's Singles,129,Kai Hern Huan,Malaysia,14820,,https://m.aiscore.com/badminton/player-kai-hern-huan/9gklz8c8wggs17x
Men's Singles,130,Orijit Chaliha,India,14490,,https://m.aiscore.com/badminton/player-orijit-chaliha/edq09gcrl8gi4qx
Men's Singles,131,Noah Haase,Netherlands,14361,,https://m.aiscore.com/badminton/player-noah-haase/xvkjozc1gx6sx79
Men's Singles,132,Bharat Raghav,India,14300,,https://m.aiscore.com/badminton/player-bharat-raghav/527r3dcg92ys87e
Men's Singles,133,Hein Htut,Myanmar,14266,,https://m.aiscore.com/badminton/player-hein-htut/527r3dcd3w3s87e
Men's Singles,134,Wang Zijun,China,14266,,https://m.aiscore.com/badminton/player-wang-zijun/dq09gcmmjyxc4qx
Men's Singles,135,Ong Zhen Yi,Malaysia,14260,,https://m.aiscore.com/badminton/player-ong-zhen-yi/xvkjozcjwzpux79
Men's Singles,136,Koo Takahashi,Japan,14070,,https://m.aiscore.com/badminton/player-koo-takahashi/vmqy98c3jj3c4k9
Men's Singles,137,Duc Phat Le,Vietnam,14060,,https://m.aiscore.com/badminton/player-duc-phat-le/ezk96jc33d8bwkn
Men's Singles,138,Pranay Shettigar,India,14020,,https://m.aiscore.com/badminton/player-pranay-shettigar/oj7x9jc4ydvbr7g
Men's Singles,139,Enrico Asuncion,USA,13995,,https://m.aiscore.com/badminton/player-enrico-asuncion/xvkjozc16p8ux79
Men's Singles,140,Lim Ming Hong,Malaysia,13780,,https://m.aiscore.com/badminton/player-lim-ming-hong/63kv9jclmddip7e
Men's Singles,141,Pranay Katta,India,13700,,https://m.aiscore.com/badminton/player-pranay-katta/ezk96jc23veawkn
Men's Singles,142,Shashwat Dalal,India,13630,,https://m.aiscore.com/badminton/player-shashwat-dalal/ndqml6cyv2zfgkv
Men's Singles,143,Cho Hyeon Woo,South Korea,13497,,https://m.aiscore.com/badminton/player-cho-hyeon-woo/dqml6cxpxnrfgkv
Men's Singles,144,Ginpaul Sonna,India,13460,,https://m.aiscore.com/badminton/player-ginpaul-sonna/lk2d9cg5w32s373
Men's Singles,145,Cholan Kayan,England,13268,,https://m.aiscore.com/badminton/player-cholan-kayan/oj7x9jcxxr5fr7g
Men's Singles,146,Jia Wei Joel Koh,Singapore,13254,,https://m.aiscore.com/badminton/player-jia-wei-joel-koh/9gklz8c1945i17x
Men's Singles,147,Julien Scheiwiller,Switzerland,13248,,https://m.aiscore.com/badminton/player-julien-scheiwiller/ezk96jc3p69iwkn
Men's Singles,148,Akira Hanada,Japan,13210,,https://m.aiscore.com/badminton/player-akira-hanada/4kgm3c2nl29s8ko
Men's Singles,149,Karan Rajan Rajarajan,Denmark,13090,,https://m.aiscore.com/badminton/player-karan-rajan-rajarajan/o17pj3co1l1a27j
Men's Singles,150,Priyanshu Rajawat,India,12950,,https://m.aiscore.com/badminton/player-priyanshu-rajawat/l6keg3c4zp4fg75
Men's Singles,151,Anirv Reddy Chamakura,USA,12930,,https://m.aiscore.com/badminton/player-anirv-reddy-chamakura/6keg3czxo2lbg75
Men's Singles,152,Cheng Ju-Sheng,Chinese Taipei,12900,,https://m.aiscore.com/badminton/player-cheng-ju-sheng/17pj3c0z3o8h27j
Men's Singles,153,Shaurya Gullaiya,Canada,12870,,https://m.aiscore.com/badminton/player-shaurya-gullaiya/jek33vc294ytdko
Men's Singles,154,Sacha Leveque,France,12810,,https://m.aiscore.com/badminton/player-sacha-leveque/9gklz8c5n5xh17x
Men's Singles,155,Zhou Xinyu,China,12354,,https://m.aiscore.com/badminton/player-zhou-xinyu/dqml6cxozleugkv
Men's Singles,156,Kavin Thangam Kavin,India,12350,,https://m.aiscore.com/badminton/player-kavin-thangam-kavin/zrkn68c1zjdanql
Men's Singles,157,Tan Kean Wei,Malaysia,12320,,https://m.aiscore.com/badminton/player-tan-kean-wei/xvkjozceyw9ix79
Men's Singles,158,"Noda, Toma",Japan,12320,,https://m.aiscore.com/badminton/player-noda--toma/zk96jcnd82vawkn
Men's Singles,159,Mads Emil Christophersen,Denmark,12270,,https://m.aiscore.com/badminton/player-mads-emil-christophersen/ndkz69c3g6jieq3
Men's Singles,160,Numair Shaik,India,12130,,https://m.aiscore.com/badminton/player-numair-shaik/6keg3czppmvhg75
Men's Singles,161,Alvaro Leal,Spain,12076,,https://m.aiscore.com/badminton/player-alvaro-leal/527r3dc3j4oa87e
Men's Singles,162,Sathish Kumar Karunakaran,India,11827,,https://m.aiscore.com/badminton/player-sathish-kumar-karunakaran/9gklz8c5zg6h17x
Men's Singles,163,Xiaodong Sheng,Canada,11820,,https://m.aiscore.com/badminton/player-xiaodong-sheng/ndkz69c3n4dseq3
Men's Singles,164,Takuma Obayashi,Japan,11790,,https://m.aiscore.com/badminton/player-takuma-obayashi/oj7x9jcxz4vtr7g
Men's Singles,165,Oei Kian-Yu,Germany,11703,,https://m.aiscore.com/badminton/player-oei-kian-yu/ndkz69cd2wnieq3
Men's Singles,166,Ethan Rose,England,11620,,https://m.aiscore.com/badminton/player-ethan-rose/jek33vc8d69tdko
Men's Singles,167,Lee Jan Jireh,Malaysia,11590,,https://m.aiscore.com/badminton/player-lee-jan-jireh/9gklz8cdo51c17x
Men's Singles,168,Ephraim Stephen Sam,Australia,11476,,https://m.aiscore.com/badminton/player-ephraim-stephen-sam/jr7owrc9y35u3q0
Men's Singles,169,Bharath Latheesh,United Arab Emirates,11420,,https://m.aiscore.com/badminton/player-bharath-latheesh/edq09gcr496u4qx
Men's Singles,170,Nicolas A Mueller,Switzerland,11351,,https://m.aiscore.com/badminton/player-nicolas-a-mueller/8lk2d9cr8pmt373
Men's Singles,171,Darshan Pujari,India,11336,,https://m.aiscore.com/badminton/player-darshan-pujari/ndkz69cp318beq3
Men's Singles,172,Kai Niederhuber,Austria,11178,,https://m.aiscore.com/badminton/player-kai-niederhuber/527r3dc3mm2c87e
Men's Singles,173,Sun Chao,China,11000,,https://m.aiscore.com/badminton/player-sun-chao/wv78x6c469ocnkr
Men's Singles,174,Tan Jia Jie,Malaysia,10990,,https://m.aiscore.com/badminton/player-tan-jia-jie/ezk96jcw19wuwkn
Men's Singles,175,Chia Hung Lu,Chinese Taipei,10990,,https://m.aiscore.com/badminton/player-chia-hung-lu/oj7x9jcxxljtr7g
Men's Singles,176,Jeppe Bruun Christensen,Denmark,10720,,https://m.aiscore.com/badminton/player-jeppe-bruun-christensen/j374oxc09zosrqo
Men's Singles,177,Patrick Zbinden,Switzerland,10630,,https://m.aiscore.com/badminton/player-patrick-zbinden/vrqwnzc54mrfdqn
Men's Singles,178,Chiang Tzu Chieh,Chinese Taipei,10610,,https://m.aiscore.com/badminton/player-chiang-tzu-chieh/dkz69cz962gfeq3
Men's Singles,179,Pablo Abian,Spain,10545,,https://m.aiscore.com/badminton/player-pablo-abian/9gklz8c113vi17x
Men's Singles,180,Tarun Reddy Katam,India,10530,,https://m.aiscore.com/badminton/player-tarun-reddy-katam/edq09gc16x9u4qx
Men's Singles,181,Wolfgang Gnedt,Austria,10512,,https://m.aiscore.com/badminton/player-wolfgang-gnedt/vmqy98cvymyt4k9
Men's Singles,182,Timothy Lock,Canada,10508,,https://m.aiscore.com/badminton/player-timothy-lock/2q156c2022nfm76
Men's Singles,183,Bruno Carvalho,Portugal,10325,,https://m.aiscore.com/badminton/player-bruno-carvalho/ndqml6cw303hgkv
Men's Singles,184,Yeison Esleiter Del Cid Alvarez,Guatemala,10305,,https://m.aiscore.com/badminton/player-yeison-esleiter-del-cid-alvarez/63kv9jcymp9ip7e
Men's Singles,185,Amaury Lievre,France,10260,,https://m.aiscore.com/badminton/player-amaury-lievre/527r3dc3e21b87e
Men's Singles,186,Karono Karono,Indonesia,10260,,https://m.aiscore.com/badminton/player-karono-karono/g6763zc8wlxtp7r
Men's Singles,187,B M Rahul Bharadwaj,India,10240,,https://m.aiscore.com/badminton/player-b-m-rahul-bharadwaj/oj7x9jcxezzar7g
Men's Singles,188,Kim Hae Deun,South Korea,10240,,https://m.aiscore.com/badminton/player-kim-hae-deun/dqml6cxz99xagkv
Men's Singles,189,Sanskar Saraswat,India,10200,,https://m.aiscore.com/badminton/player-sanskar-saraswat/9759nc3ypynbnk2
Men's Singles,190,Dimitar Yanakiev,Bulgaria,10170,,https://m.aiscore.com/badminton/player-dimitar-yanakiev/jek33vc83l1cdko
Men's Singles,191,Douce Lucas,Mauritius,10120,,https://m.aiscore.com/badminton/player-douce-lucas/ndkz69cp890teq3
Men's Singles,192,Wongsup Wongsup-In,Thailand,10072,,https://m.aiscore.com/badminton/player-wongsup-wongsup-in/jr7owrc5wj1i3q0
Men's Singles,193,Markus Barth,Norway,10065,,https://m.aiscore.com/badminton/player-markus-barth/9gklz8c5rm6h17x
Men's Singles,194,Nicholas Raj,India,10030,,https://m.aiscore.com/badminton/player-nicholas-raj/27r3dce0y8ma87e
Men's Singles,195,David Kim Kristensen,Denmark,9970,,https://m.aiscore.com/badminton/player-david-kim-kristensen/xvkjozc0enzix79
Men's Singles,196,Arya Bhivpathaki,India,9960,,https://m.aiscore.com/badminton/player-arya-bhivpathaki/edq09gc6xoot4qx
Men's Singles,197,Arthur Wakhevitsch,France,9950,,https://m.aiscore.com/badminton/player-arthur-wakhevitsch/xvkjozcp94otx79
Men's Singles,198,Adham Hatem Elgamal,Egypt,9860,,https://m.aiscore.com/badminton/player-adham-hatem-elgamal/j374oxc0915brqo
Men's Singles,199,Deivid Silva,Brazil,9723,,https://m.aiscore.com/badminton/player-deivid-silva/34kgm3cjeo1h8ko
Men's Singles,200,Shrey Dhand,Australia,9626,,https://m.aiscore.com/badminton/player-shrey-dhand/27r3dce0d4ds87e
Men's Singles,201,Milan Dratva,Slovakia,9590,,https://m.aiscore.com/badminton/player-milan-dratva/l6keg3c8y4gtg75
Men's Singles,202,Rasindu Hendahewa,Sri Lanka,9590,,https://m.aiscore.com/badminton/player-rasindu-hendahewa/8lk2d9clgejt373
Men's Singles,203,Koshiro Moriguchi,Japan,9550,,https://m.aiscore.com/badminton/player-koshiro-moriguchi/oj7x9jcprrlar7g
Men's Singles,204,Dhruv Negi,India,9520,,https://m.aiscore.com/badminton/player-dhruv-negi/r7owrc66ljdb3q0
Men's Singles,205,Tsai Cheng-Han,Chinese Taipei,9450,,https://m.aiscore.com/badminton/player-tsai-cheng-han/xvkjozcp433tx79
Men's Singles,206,Jewel Angelo Albo,Philippines,9290,,https://m.aiscore.com/badminton/player-jewel-angelo-albo/527r3dcxrl0i87e
Men's Singles,207,Kosuke Masumoto,Japan,9193,,https://m.aiscore.com/badminton/player-kosuke-masumoto/dq09gcm544zh4qx
Men's Singles,208,Su Wei-Cheng,Chinese Taipei,9150,,https://m.aiscore.com/badminton/player-su-wei-cheng/zrkn68cy44munql
Men's Singles,209,Jelang Fajar,Indonesia,9030,,https://m.aiscore.com/badminton/player-jelang-fajar/v78x6cpjrw1snkr
Men's Singles,210,Enrico Baroni,Italy,8956,,https://m.aiscore.com/badminton/player-enrico-baroni/vmqy98cvnd1i4k9
Men's Singles,211,Phuc Thinh Phan,Vietnam,8930,,https://m.aiscore.com/badminton/player-phuc-thinh-phan-/9gklz8c2ow9f17x
Men's Singles,212,Puritat Arree,Thailand,8910,,https://m.aiscore.com/badminton/player-puritat-arree/ndqml6cy6rvhgkv
Men's Singles,213,Lei Lanxi,China,8910,,https://m.aiscore.com/badminton/player-lei-lanxi/edq09gclgjeb4qx
Men's Singles,214,Hemanth M.gowda,India,8900,,https://m.aiscore.com/badminton/player-hemanth-m-gowda/oj7x9jcx9ejir7g
Men's Singles,215,Raghu Mariswamy,India,8840,,https://m.aiscore.com/badminton/player-raghu-mariswamy/69759ncx941cnk2
Men's Singles,216,Korakrit Laotrakul,Thailand,8830,,https://m.aiscore.com/badminton/player-korakrit-laotrakul/ndqml6cw954cgkv
Men's Singles,217,Chen Yucheng,Chinese Taipei,8780,,https://m.aiscore.com/badminton/player-chen-yucheng/zk96jcn5n3eiwkn
Men's Singles,218,Dominik Kopriva,Czech,8741,,https://m.aiscore.com/badminton/player-dominik-kopriva/o07dn3c8l4of9kn
Men's Singles,219,Jack Yu,Australia,8723,,https://m.aiscore.com/badminton/player-jack-yu/oj7x9jcg3eytr7g
Men's Singles,220,Lau Jun Hui Marcus,Singapore,8690,,https://m.aiscore.com/badminton/player-lau-jun-hui-marcus/vrqwnzcjv01fdqn
Men's Singles,221,Samuel Lee,Malaysia,8600,,https://m.aiscore.com/badminton/player-samuel-lee/m2q156c6lj0cm76
Men's Singles,222,A R Rohan Kumar Anandas Raj Kumar,India,8577,,https://m.aiscore.com/badminton/player-a-r-rohan-kumar-anandas-raj-kumar/v78x6cpj8o5hnkr
Men's Singles,223,Jerome Pauquet,Luxembourg,8565,,https://m.aiscore.com/badminton/player-jerome-pauquet/xvkjozc2glnfx79
Men's Singles,224,Mathias Solgaard,Denmark,8550,,https://m.aiscore.com/badminton/player-mathias-solgaard/oj7x9jcmo18sr7g
Men's Singles,225,Muhammad Reza Al Fajri,Indonesia,8460,,https://m.aiscore.com/badminton/player-muhammad-reza-al-fajri/jr7owrcgpnxb3q0
Men's Singles,226,Adith Karthikeyan Priya,Netherlands,8434,,https://m.aiscore.com/badminton/player-adith-karthikeyan-priya/8lk2d9czdj6b373
Men's Singles,227,Job Castillo,Mexico,8419,,https://m.aiscore.com/badminton/player-job-castillo/o17pj3coox6h27j
Men's Singles,228,Kong Zhou Swin,Malaysia,8350,,https://m.aiscore.com/badminton/player-kong-zhou-swin/rqwnzcon8yphdqn
Men's Singles,229,Pui Pang Fong,"Macau, China",8326,,https://m.aiscore.com/badminton/player-pui-pang-fong/jek33vc8m1jbdko
Men's Singles,230,Mikkel Langemark,Denmark,8280,,https://m.aiscore.com/badminton/player-mikkel-langemark/zrkn68c6rjghnql
Men's Singles,231,Nadeem Dalvi,England,8270,,https://m.aiscore.com/badminton/player-nadeem-dalvi/j374oxc6mm0arqo
Men's Singles,232,Henrikho Kho Wibowo,Indonesia,8220,,https://m.aiscore.com/badminton/player-henrikho-kho-wibowo/o17pj3coolgi27j
Men's Singles,233,Varun Kapur,India,8140,,https://m.aiscore.com/badminton/player-varun-kapur/jr7owrcy4lyh3q0
Men's Singles,234,Adrian King-Sun Mar,USA,8086,,https://m.aiscore.com/badminton/player-adrian-king-sun-mar/g6763zco8n9up7r
Men's Singles,235,Rajesh Srikar,India,8070,,https://m.aiscore.com/badminton/player-rajesh-srikar/o17pj3c569pi27j
Men's Singles,236,Matthew Abela,Malta,7980,,https://m.aiscore.com/badminton/player-matthew-abela/o17pj3coyyrf27j
Men's Singles,237,Huang Yu Kai,Chinese Taipei,7920,,https://m.aiscore.com/badminton/player-huang-yu-kai/j374oxcyp86irqo
Men's Singles,238,Muhamad Rizky Akbar,Indonesia,7910,,https://m.aiscore.com/badminton/player-muhamad-rizky-akbar/j7x9jcr65myir7g
Men's Singles,239,Huang Yu,Chinese Taipei,7730,,https://m.aiscore.com/badminton/player-huang-yu/527r3dc29epc87e
Men's Singles,240,Driss Bourroum,Morocco,7690,,https://m.aiscore.com/badminton/player-driss-bourroum/v78x6cp24wxsnkr
Men's Singles,241,Muh Azahbru Kasra,Indonesia,7640,,https://m.aiscore.com/badminton/player-muh-azahbru-kasra/edq09gcl4vgf4qx
Men's Singles,242,Erfan Majeed Hajibeigy,Malaysia,7600,,https://m.aiscore.com/badminton/player-erfan-majeed-hajibeigy/6763zcvd5dlfp7r
Men's Singles,243,Lei Ci Fu,Chinese Taipei,7550,,https://m.aiscore.com/badminton/player-lei-ci-fu/8lk2d9cjvrrf373
Men's Singles,244,Lokesh Reddy Kalagotla,India,7530,,https://m.aiscore.com/badminton/player-lokesh-reddy-kalagotla/vrqwnzcwogwsdqn
Men's Singles,245,Darrell Sen Xian Chew,Malaysia,7520,,https://m.aiscore.com/badminton/player-darrell-sen-xian-chew/374oxc1dvy2irqo
Men's Singles,246,Vishal Vasudevan,India,7500,,https://m.aiscore.com/badminton/player-vishal-vasudevan/j374oxc29xxarqo
Men's Singles,247,Zhi-ron Tan,,7480,,
Men's Singles,248,Liu Yuxuan,China,7450,,https://m.aiscore.com/badminton/player-liu-yuxuan/edq09gcr0jxs4qx
Men's Singles,249,Isaac Yang,USA,7430,,https://m.aiscore.com/badminton/player-isaac-yang/vmqy98c1jn5s4k9
Men's Singles,250,Luis Armando Montoya Navarro,Mexico,7373,,https://m.aiscore.com/badminton/player-luis-armando-montoya-navarro/xvkjozc8nzwhx79
Women's Singles,1,An Se-young,South Korea,117787,,https://m.aiscore.com/badminton/player-an-se-young/wv78x6cvxv8tnkr
Women's Singles,2,Wang Zhiyi,China,106839,,https://m.aiscore.com/badminton/player-wang-zhiyi/vrqwnzc4epwtdqn
Women's Singles,3,Akane Yamaguchi,Japan,100426,,https://m.aiscore.com/badminton/player-akane-yamaguchi/vrqwnzc44gnudqn
Women's Singles,4,Chen Yufei,China,87651,,https://m.aiscore.com/badminton/player-chen-yufei/edq09gcl2pdi4qx
Women's Singles,5,Han Yue,China,82288,,https://m.aiscore.com/badminton/player-han-yue/oj7x9jcx3yzur7g
Women's Singles,6,Putri Kusuma Wardani,Indonesia,73473,,https://m.aiscore.com/badminton/player-putri-kusuma-wardani/69759ncglo1tnk2
Women's Singles,7,Ratchanok Intanon,Thailand,72246,,https://m.aiscore.com/badminton/player-ratchanok-intanon/jek33vc88y4hdko
Women's Singles,8,Pornpawee Chochuwong,Thailand,67977,,https://m.aiscore.com/badminton/player-pornpawee-chochuwong/69759ncgglounk2
Women's Singles,9,Tomoka Miyazaki,Japan,63646,,https://m.aiscore.com/badminton/player-tomoka-miyazaki/9gklz8c2wlxs17x
Women's Singles,10,Sindhu Pusarla Venkata,India,61401,,https://m.aiscore.com/badminton/player-sindhu-pusarla-venkata/8lk2d9crrvlc373
Women's Singles,11,Nozomi Okuhara,Japan,59060,,https://m.aiscore.com/badminton/player-nozomi-okuhara/8lk2d9crrnlu373
Women's Singles,12,Chiu Pin-Chian,Chinese Taipei,57498,,https://m.aiscore.com/badminton/player-chiu-pin-chian/xvkjozc806pcx79
Women's Singles,13,Michelle Li,Canada,55227,,https://m.aiscore.com/badminton/player-michelle-li/m2q156czz90cm76
Women's Singles,14,Kim Ga-eun,South Korea,54921,,https://m.aiscore.com/badminton/player-kim-ga-eun/ndqml6cw9j0bgkv
Women's Singles,15,Line Christophersen,Denmark,54060,,https://m.aiscore.com/badminton/player-line-christophersen/l6keg3c8yl0fg75
Women's Singles,16,Mia Blichfeldt,Denmark,53503,,https://m.aiscore.com/badminton/player-mia-blichfeldt/ndqml6cww2pagkv
Women's Singles,17,Sim Yu-Jin,South Korea,53354,,https://m.aiscore.com/badminton/player-sim-yu-jin/8lk2d9cr833s373
Women's Singles,18,Riko Gunji,Japan,53183,,https://m.aiscore.com/badminton/player-riko-gunji/j374oxcr28gtrqo
Women's Singles,19,Lin Hsiang Ti,Chinese Taipei,51449,,https://m.aiscore.com/badminton/player-lin-hsiang-ti/jr7owrcpd8zs3q0
Women's Singles,20,Busanan Ongbamrungphan,Thailand,50407,,https://m.aiscore.com/badminton/player-busanan-ongbamrungphan/jek33vc8834sdko
Women's Singles,21,Line Høejmark Kjaersfeldt,Denmark,50173,,https://m.aiscore.com/badminton/player-line-hejmark-kjaersfeldt/j374oxc009zbrqo
Women's Singles,22,Hina Akechi,Japan,49670,,https://m.aiscore.com/badminton/player-hina-akechi/jr7owrc9o5yh3q0
Women's Singles,23,Pitchamon Opatniputh,Thailand,49248,,https://m.aiscore.com/badminton/player-pitchamon-opatniputh/wv78x6cyr4junkr
Women's Singles,24,Unnati Hooda,India,48580,,https://m.aiscore.com/badminton/player-unnati-hooda/j374oxc6moetrqo
Women's Singles,25,Supanida Katethong,Thailand,44772,,https://m.aiscore.com/badminton/player-supanida-katethong/ezk96jc3jy5cwkn
Women's Singles,26,Nguyen Thuy Linh,Vietnam,44240,,https://m.aiscore.com/badminton/player-nguyen-thuy-linh-/wv78x6cv62vcnkr
Women's Singles,27,Karupathevan Letshanaa,Malaysia,43302,,https://m.aiscore.com/badminton/player-karupathevan-letshanaa/ndkz69c2j1lueq3
Women's Singles,28,Huang Yu-Hsun,Chinese Taipei,43244,,https://m.aiscore.com/badminton/player-huang-yu-hsun/34kgm3copy4a8ko
Women's Singles,29,Neslihan Yigit,Turkey,43199,,https://m.aiscore.com/badminton/player-neslihan-yigit/vmqy98cvvrph4k9
Women's Singles,30,Natsuki Nidaira,Japan,42960,,https://m.aiscore.com/badminton/player-natsuki-nidaira/69759ncgr54unk2
Women's Singles,31,Zhang Beiwen,USA,42826,,https://m.aiscore.com/badminton/player-zhang-beiwen/l6keg3c8881sg75
Women's Singles,32,Devika Sihag,India,41124,,https://m.aiscore.com/badminton/player-devika-sihag/527r3dczydei87e
Women's Singles,33,Han Qianxi,China,40971,,https://m.aiscore.com/badminton/player-han-qianxi/edq09gcrg39u4qx
Women's Singles,34,Kirsty Gilmour,Scotland,40250,,https://m.aiscore.com/badminton/player-kirsty-gilmour/edq09gcllywt4qx
Women's Singles,35,Tanvi Sharma,India,39295,,https://m.aiscore.com/badminton/player-tanvi-sharma/wv78x6c0oejbnkr
Women's Singles,36,Isharani Baruah,India,37869,,https://m.aiscore.com/badminton/player-isharani-baruah/jek33vcp0wgidko
Women's Singles,37,Wong Ling Ching,Malaysia,37741,,https://m.aiscore.com/badminton/player-wong-ling-ching/527r3dc2dnvt87e
Women's Singles,38,Sung Shuo Yun,Chinese Taipei,37605,,https://m.aiscore.com/badminton/player-sung-shuo-yun/ezk96jc3j0vbwkn
Women's Singles,39,Yeo Jia Min,Singapore,37403,,https://m.aiscore.com/badminton/player-yeo-jia-min/zrkn68c413vfnql
Women's Singles,40,Kaloyana Nalbantova,Bulgaria,36687,,https://m.aiscore.com/badminton/player-kaloyana-nalbantova/69759ncgn9pank2
Women's Singles,41,Amalie Schulz,Denmark,36597,,https://m.aiscore.com/badminton/player-amalie-schulz/527r3dc4w1ea87e
Women's Singles,42,Ciou-Tong Tung,Chinese Taipei,35710,,https://m.aiscore.com/badminton/player-ciou-tong-tung/m2q156cz5nwam76
Women's Singles,43,Malvika Bansod,India,34295,,https://m.aiscore.com/badminton/player-malvika-bansod/o07dn3c5v4zt9kn
Women's Singles,44,Polina Buhrova,Ukraine,33714,,https://m.aiscore.com/badminton/player-polina-buhrova/j374oxc4lynhrqo
Women's Singles,45,Anmol Kharb,India,33340,,https://m.aiscore.com/badminton/player-anmol-kharb/rqwnzco1d91sdqn
Women's Singles,46,Rakshitha Sree Santhosh Ramraj,India,33227,,https://m.aiscore.com/badminton/player-rakshitha-sree-santhosh-ramraj/wv78x6cy4rmankr
Women's Singles,47,Yvonne Li,Germany,33141,,https://m.aiscore.com/badminton/player-yvonne-li/g6763zc52jzbp7r
Women's Singles,48,Zhang Wenyu,Canada,32509,,https://m.aiscore.com/badminton/player-zhang-wenyu-/527r3dcrp0gc87e
Women's Singles,49,Hsu Wen-chi,Chinese Taipei,32472,,https://m.aiscore.com/badminton/player-hsu-wen-chi/zrkn68c438xfnql
Women's Singles,50,Rachel Chan,Canada,32347,,https://m.aiscore.com/badminton/player-rachel-chan/vrqwnzc2vjpidqn
Women's Singles,51,Park Ga Eun,South Korea,32213,,https://m.aiscore.com/badminton/player-park-ga-eun/l6keg3c8ymzfg75
Women's Singles,52,Julie Dawall Jakobsen,Denmark,31769,,https://m.aiscore.com/badminton/player-julie-dawall-jakobsen/g6763zc52xvip7r
Women's Singles,53,Ashmita Chaliha,India,31730,,https://m.aiscore.com/badminton/player-ashmita-chaliha/o17pj3coj25h27j
Women's Singles,54,Tanya Hemanth,India,31630,,https://m.aiscore.com/badminton/player-tanya-hemanth/g6763zcpv8zip7r
Women's Singles,55,Shriyanshi Valishetty,India,31370,,https://m.aiscore.com/badminton/player-shriyanshi-valishetty/l6keg3c28d1hg75
Women's Singles,56,Huang Ching Ping,Chinese Taipei,30902,,https://m.aiscore.com/badminton/player-huang-ching-ping/zrkn68c4on5bnql
Women's Singles,57,Thalita Ramadhani Wiryawan,Indonesia,30601,,https://m.aiscore.com/badminton/player-thalita-ramadhani-wiryawan/ek33vc693n5cdko
Women's Singles,58,Anupama Upadhyaya,India,30560,,https://m.aiscore.com/badminton/player-anupama-upadhyaya/xvkjozc19x3ux79
Women's Singles,59,Tasnim Mir,India,30210,,https://m.aiscore.com/badminton/player-tasnim-mir/69759ncx82yhnk2
Women's Singles,60,Goh Jin Wei,Malaysia,30004,,https://m.aiscore.com/badminton/player-goh-jin-wei/g6763zc5pl0ip7r
Women's Singles,61,Pai Yu-po,Chinese Taipei,29940,,https://m.aiscore.com/badminton/player-pai-yu-po/edq09gclllra4qx
Women's Singles,62,Kim Min Ji,South Korea,29811,,https://m.aiscore.com/badminton/player-kim-min-ji/jr7owrcpz5wf3q0
Women's Singles,63,Juliana Viana Vieira,Brazil,29594,,https://m.aiscore.com/badminton/player-juliana-viana-vieira/wv78x6cyol6ankr
Women's Singles,64,Gregoria Mariska Tunjung,Indonesia,29180,,https://m.aiscore.com/badminton/player-gregoria-mariska-tunjung/g6763zc551mfp7r
Women's Singles,65,Ishika Jaiswal,USA,28750,,https://m.aiscore.com/badminton/player-ishika-jaiswal/l6keg3c454mfg75
Women's Singles,66,Manami Suizu,Japan,28100,,https://m.aiscore.com/badminton/player-manami-suizu/edq09gcj5dxi4qx
Women's Singles,67,Ella Lin,USA,27860,,https://m.aiscore.com/badminton/player-ella-lin/v78x6cp2jodunkr
Women's Singles,68,Chen Su Yu,Chinese Taipei,26400,,https://m.aiscore.com/badminton/player-chen-su-yu/vrqwnzc44x4cdqn
Women's Singles,69,Lo Sin Yan Happy,"Hong Kong, China",26386,,https://m.aiscore.com/badminton/player-lo-sin-yan-happy/o17pj3cdr6of27j
Women's Singles,70,Aakarshi Kashyap,India,26120,,https://m.aiscore.com/badminton/player-aakarshi-kashyap/o17pj3co196u27j
Women's Singles,71,Tonrug Saeheng,Thailand,26060,,https://m.aiscore.com/badminton/player-tonrug-saeheng/17pj3c0z3wru27j
Women's Singles,72,Anna Tatranova,France,25624,,https://m.aiscore.com/badminton/player-anna-tatranova/o17pj3c43plc27j
Women's Singles,73,Mutiara Ayu Puspitasari,Indonesia,25430,,https://m.aiscore.com/badminton/player-mutiara-ayu-puspitasari/ndqml6c95d0bgkv
Women's Singles,74,Ni Kadek Dhinda Amartya Pratiwi,Indonesia,24862,,https://m.aiscore.com/badminton/player-ni-kadek-dhinda-amartya-pratiwi/lk2d9cgoro1a373
Women's Singles,75,Peng Yu Wei,Chinese Taipei,24060,,https://m.aiscore.com/badminton/player-peng-yu-wei/dq09gcmx4zlu4qx
Women's Singles,76,Tidapron Kleebyeesun,Thailand,23706,,https://m.aiscore.com/badminton/player-tidapron-kleebyeesun/63kv9jc19mrap7e
Women's Singles,77,Mansi Singh,India,23410,,https://m.aiscore.com/badminton/player-mansi-singh/jek33vcr8pecdko
Women's Singles,78,Ozge Bayrak,Turkey,23340,,https://m.aiscore.com/badminton/player-ozge-bayrak/63kv9jcggl8up7e
Women's Singles,79,Ines Lucia Castillo Salazar,Peru,22670,,https://m.aiscore.com/badminton/player-ines-lucia-castillo-salazar/63kv9jcgvmgcp7e
Women's Singles,80,Yevheniia Kantemyr,Ukraine,22543,,https://m.aiscore.com/badminton/player-yevheniia-kantemyr/g6763zc5r91fp7r
Women's Singles,81,Stefani Stoeva,Bulgaria,22466,,https://m.aiscore.com/badminton/player-stefani-stoeva/j374oxc00ozirqo
Women's Singles,82,Tereza Svabikova,Czech,22125,,https://m.aiscore.com/badminton/player-tereza-svabikova/vmqy98cv6o8h4k9
Women's Singles,83,Kisona Selvaduray,Malaysia,21930,,https://m.aiscore.com/badminton/player-kisona-selvaduray/ndkz69c3xw0feq3
Women's Singles,84,Keisha Fatimah AZ Zahra,Azerbaijan,21675,,https://m.aiscore.com/badminton/player-keisha-fatimah-az-zahra/63kv9jcn4vdhp7e
Women's Singles,85,Shreya Lele,India,21580,,https://m.aiscore.com/badminton/player-shreya-lele/mqy98cj0r4rt4k9
Women's Singles,86,Siti Zulaikha,Malaysia,21370,,https://m.aiscore.com/badminton/player-siti-zulaikha/wv78x6crw5zbnkr
Women's Singles,87,Lee So Yul,South Korea,21171,,https://m.aiscore.com/badminton/player-lee-so-yul/rkn68cml110unql
Women's Singles,88,Yataweemin Ketklieng,Thailand,21170,,https://m.aiscore.com/badminton/player-yataweemin-ketklieng/v78x6cp2on2unkr
Women's Singles,89,Clara Azurmendi,Spain,21114,,https://m.aiscore.com/badminton/player-clara-azurmendi/527r3dc4j56s87e
Women's Singles,90,Liang Ting Yu,Chinese Taipei,21000,,https://m.aiscore.com/badminton/player-liang-ting-yu/34kgm3cog0ru8ko
Women's Singles,91,Vivien Sandorhazi,Hungary,20974,,https://m.aiscore.com/badminton/player-vivien-sandorhazi/ndkz69c3oelteq3
Women's Singles,92,Vu Thi Trang,Vietnam,20360,,https://m.aiscore.com/badminton/player-vu-thi-trang/63kv9jcggw8hp7e
Women's Singles,93,Kim Min Seon,South Korea,20340,,https://m.aiscore.com/badminton/player-kim-min-seon/vkjozc9rwzdhx79
Women's Singles,94,Xu Wenjing,China,20319,,https://m.aiscore.com/badminton/player-xu-wenjing/34kgm3clplmu8ko
Women's Singles,95,Kim Joo Eun,South Korea,20290,,https://m.aiscore.com/badminton/player-kim-joo-eun/jek33vcrvl1adko
Women's Singles,96,Pornpicha Choeikeewong,Thailand,19951,,https://m.aiscore.com/badminton/player-pornpicha-choeikeewong/j374oxc09xefrqo
Women's Singles,97,Disha Gupta,USA,19680,,https://m.aiscore.com/badminton/player-disha-gupta/jek33vc8mjnadko
Women's Singles,98,Wang Pei Yu,Chinese Taipei,19476,,https://m.aiscore.com/badminton/player-wang-pei-yu/zrkn68cwx8wtnql
Women's Singles,99,Liang Ka Wing,"Hong Kong, China",19183,,https://m.aiscore.com/badminton/player-liang-ka-wing/ek33vc6x4g2idko
Women's Singles,100,Chloe Hoang,Canada,18994,,https://m.aiscore.com/badminton/player-chloe-hoang/63kv9jcp2xntp7e
Women's Singles,101,Passa-Orn Phannachet,Thailand,18540,,https://m.aiscore.com/badminton/player-passa-orn-phannachet/3kv9jcmmz0oap7e
Women's Singles,102,Petra Maixnerova,Czech,18398,,https://m.aiscore.com/badminton/player-petra-maixnerova/vrqwnzcmy5lsdqn
Women's Singles,103,Anna Siess Ryberg,Denmark,18340,,https://m.aiscore.com/badminton/player-anna-siess-ryberg/jek33vcm33jhdko
Women's Singles,104,Ranithma Liyanage,Sri Lanka,18280,,https://m.aiscore.com/badminton/player-ranithma-liyanage/9759nc3wewptnk2
Women's Singles,105,Samiya Imad Farooqui,India,18080,,https://m.aiscore.com/badminton/player-samiya-imad-farooqui/xvkjozc2px5bx79
Women's Singles,106,Prakriti Bharath,United Arab Emirates,17760,,https://m.aiscore.com/badminton/player-prakriti-bharath/07dn3cd2vvpi9kn
Women's Singles,107,Sakura Masuki,Japan,17470,,https://m.aiscore.com/badminton/player-sakura-masuki/dq09gcmx466h4qx
Women's Singles,108,Fadilah Shamika Mohamed Rafi,Uganda,17219,,https://m.aiscore.com/badminton/player-fadilah-shamika-mohamed-rafi/zrkn68cpjr6cnql
Women's Singles,109,Miranda Wilson,Germany,17113,,https://m.aiscore.com/badminton/player-miranda-wilson/j374oxc0084arqo
Women's Singles,110,Liao Yuan Chi,Chinese Taipei,17110,,https://m.aiscore.com/badminton/player-liao-yuan-chi/l6keg3cjymnfg75
Women's Singles,111,Hsieh Yi En,Chinese Taipei,17090,,https://m.aiscore.com/badminton/player-hsieh-yi-en/9759nc33wj0cnk2
Women's Singles,112,Aalisha Naik,India,16940,,https://m.aiscore.com/badminton/player-aalisha-naik/dqml6cxod24hgkv
Women's Singles,113,Megan Lee Xinyi,Singapore,16780,,https://m.aiscore.com/badminton/player-megan-lee-xinyi-/jr7owrc4lxyh3q0
Women's Singles,114,Shaunna Li,New Zealand,16773,,https://m.aiscore.com/badminton/player-shaunna-li/ndqml6cw2o2tgkv
Women's Singles,115,Yasmine Hamza,Italy,16761,,https://m.aiscore.com/badminton/player-yasmine-hamza/527r3dc4p6jt87e
Women's Singles,116,Chiara Marvella Handoyo,Indonesia,16720,,https://m.aiscore.com/badminton/player-chiara-marvella-handoyo/9gklz8cee6ra17x
Women's Singles,117,Lee Yu-hsuan,Chinese Taipei,16710,,https://m.aiscore.com/badminton/player-lee-yu-hsuan/527r3dc4wwph87e
Women's Singles,118,Xu Wei,Austria,16430,,https://m.aiscore.com/badminton/player-xu-wei/j374oxcgjpxtrqo
Women's Singles,119,Agnes Korosi,Hungary,16425,,https://m.aiscore.com/badminton/player-agnes-korosi/o17pj3cop5nb27j
Women's Singles,120,Dalila Aghnia Puteri,Indonesia,16330,,https://m.aiscore.com/badminton/player-dalila-aghnia-puteri/17pj3c0zgvla27j
Women's Singles,121,Tallulah Sharleen van Coppenolle,Czech,16320,,https://m.aiscore.com/badminton/player-tallulah-sharleen-van-coppenolle/69759ncr3elfnk2
Women's Singles,122,Mikaela Joy de Guzman,Philippines,16100,,https://m.aiscore.com/badminton/player-mikaela-joy-de-guzman/374oxc11pwltrqo
Women's Singles,123,Frederikke Oestergaard,Denmark,16060,,https://m.aiscore.com/badminton/player-frederikke-oestergaard/wv78x6c1rdrsnkr
Women's Singles,124,Romane Cloteaux-Foucault,France,15977,,https://m.aiscore.com/badminton/player-romane-cloteaux-foucault/l6keg3c832lbg75
Women's Singles,125,Isabelle Rusli,USA,15230,,https://m.aiscore.com/badminton/player-isabelle-rusli/zrkn68c4e5zinql
Women's Singles,126,Nour Ahmed Youssri,Egypt,15048,,https://m.aiscore.com/badminton/player-nour-ahmed-youssri/g6763zc92j1bp7r
Women's Singles,127,Thamonwan Nithiittikrai,Thailand,14980,,https://m.aiscore.com/badminton/player-thamonwan-nithiittikrai/8lk2d9cdlzvi373
Women's Singles,128,Saloni Samirbhai Mehta,"Hong Kong, China",14860,,https://m.aiscore.com/badminton/player-saloni-samirbhai-mehta/vmqy98c5j2di4k9
Women's Singles,129,Asuka Takahashi,Japan,14850,,https://m.aiscore.com/badminton/player-asuka-takahashi/9gklz8c1oevu17x
Women's Singles,130,Meghana Reddy Mareddy,India,14650,,https://m.aiscore.com/badminton/player-meghana-reddy-mareddy/ezk96jcw21vfwkn
Women's Singles,131,Milena Schnider,Switzerland,14593,,https://m.aiscore.com/badminton/player-milena-schnider/vrqwnzc4e5whdqn
Women's Singles,132,Dounia Pelupessy,Switzerland,14517,,https://m.aiscore.com/badminton/player-dounia-pelupessy/ezk96jcwnyjhwkn
Women's Singles,133,Kristin Kuuba,Estonia,14515,,https://m.aiscore.com/badminton/player-kristin-kuuba/69759ncgzdrfnk2
Women's Singles,134,Hung Yi-Ting,Chinese Taipei,14380,,https://m.aiscore.com/badminton/player-hung-yi-ting/63kv9jcg4ngfp7e
Women's Singles,135,Lim Zhi Shin,Malaysia,14170,,https://m.aiscore.com/badminton/player-lim-zhi-shin/zk96jcn5owmhwkn
Women's Singles,136,Nodoka Sunakawa,,14150,,
Women's Singles,137,Gianna Stiglich,Italy,14110,,https://m.aiscore.com/badminton/player-gianna-stiglich/8lk2d9c3v10u373
Women's Singles,138,Oo Shan Zi,Malaysia,13685,,https://m.aiscore.com/badminton/player-oo-shan-zi/wv78x6c4d64inkr
Women's Singles,139,Kaoru Sugiyama,Japan,13610,,https://m.aiscore.com/badminton/player-kaoru-sugiyama/3kv9jcmzgndtp7e
Women's Singles,140,Thet Htar Thuzar,Myanmar,13587,,https://m.aiscore.com/badminton/player-thet-htar-thuzar-/8lk2d9cr6eot373
Women's Singles,141,Sophia Noble,Ireland,13515,,https://m.aiscore.com/badminton/player-sophia-noble/wv78x6cvx6dunkr
Women's Singles,142,Ler Eng Qi,Malaysia,13490,,https://m.aiscore.com/badminton/player-ler-eng-qi/27r3dce01x5f87e
Women's Singles,143,Liao Jui-Chi,Chinese Taipei,13330,,https://m.aiscore.com/badminton/player-liao-jui-chi/edq09gcv84gh4qx
Women's Singles,144,Rosy Oktavia Pancasari,France,13262,,https://m.aiscore.com/badminton/player-rosy-oktavia-pancasari/oj7x9jcvmw9cr7g
Women's Singles,145,Namie Miyahira Tsukazan,Peru,12990,,https://m.aiscore.com/badminton/player-namie-miyahira-tsukazan/vmqy98cx2o9t4k9
Women's Singles,146,Aditi Bhatt,India,12915,,https://m.aiscore.com/badminton/player-aditi-bhatt/vrqwnzc0xwxsdqn
Women's Singles,147,Medhavi Nagar,India,12750,,https://m.aiscore.com/badminton/player-medhavi-nagar/3kv9jcm48y8bp7e
Women's Singles,148,Tsai Hsin-Pei,Chinese Taipei,12680,,https://m.aiscore.com/badminton/player-tsai-hsin-pei/o07dn3c96yns9kn
Women's Singles,149,Jenjira Stadelmann,Switzerland,12480,,https://m.aiscore.com/badminton/player-jenjira-stadelmann/69759ncg10xfnk2
Women's Singles,150,Tiffany Ho,Australia,12294,,https://m.aiscore.com/badminton/player-tiffany-ho/ezk96jc331xiwkn
Women's Singles,151,Vilte Paulauskaite,Lithuania,12200,,https://m.aiscore.com/badminton/player-vilte-paulauskaite/oj7x9jcm008ur7g
Women's Singles,152,Yuan Anqi,China,12182,,https://m.aiscore.com/badminton/player-yuan-anqi/4kgm3c2nzmgs8ko
Women's Singles,153,Saena Kawakami,Australia,12130,,https://m.aiscore.com/badminton/player-saena-kawakami/wv78x6cv16ycnkr
Women's Singles,154,"Ramu, Rujula",India,12120,,https://m.aiscore.com/badminton/player-ramu--rujula/dkz69cz94p6ceq3
Women's Singles,155,Naomi Junco Vasquez,Peru,12103,,https://m.aiscore.com/badminton/player-naomi-junco-vasquez/2q156c2g4plfm76
Women's Singles,156,Anna Iwaki,Japan,12090,,https://m.aiscore.com/badminton/player-anna-iwaki/6763zcvwwyyap7r
Women's Singles,157,Nikte Alejandra Sotomayor,Guatemala,11824,,https://m.aiscore.com/badminton/player-nikte-alejandra-sotomayor/ndqml6cwwl9sgkv
Women's Singles,158,"Matsuta, Niina",Japan,11720,,https://m.aiscore.com/badminton/player-matsuta--niina/gklz8c0ojdyu17x
Women's Singles,159,Johanita Scholtz,South Africa,11663,,https://m.aiscore.com/badminton/player-johanita-scholtz/9gklz8cxyozi17x
Women's Singles,160,Surya Charisma Tamiri,India,11650,,https://m.aiscore.com/badminton/player-surya-charisma-tamiri/gklz8c0o0n2i17x
Women's Singles,161,Bilqis Prasista,Indonesia,11490,,https://m.aiscore.com/badminton/player-bilqis-prasista/edq09gc11eju4qx
Women's Singles,162,Nanami Someya,Japan,11430,,https://m.aiscore.com/badminton/player-nanami-someya/edq09gcld66c4qx
Women's Singles,163,Hristomira Popovska,Bulgaria,11301,,https://m.aiscore.com/badminton/player-hristomira-popovska/ndkz69c395rheq3
Women's Singles,164,Lucie Krulova,Czech,11267,,https://m.aiscore.com/badminton/player-lucie-krulova/o07dn3c8lpoa9kn
Women's Singles,165,Yue Yann Jaslyn Hooi,Singapore,11139,,https://m.aiscore.com/badminton/player-yue-yann-jaslyn-hooi/m2q156czmz1sm76
Women's Singles,166,Gergana Pavlova,Bulgaria,10838,,https://m.aiscore.com/badminton/player-gergana-pavlova/69759ncgz99tnk2
Women's Singles,167,Clara Lassaux,Belgium,10746,,https://m.aiscore.com/badminton/player-clara-lassaux/ndqml6cw5r2ugkv
Women's Singles,168,Sabrina Solis,Mexico,10610,,https://m.aiscore.com/badminton/player-sabrina-solis/ndqml6cw980sgkv
Women's Singles,169,Sih Yun Lin,Chinese Taipei,10500,,https://m.aiscore.com/badminton/player-sih-yun-lin/ezk96jc3gx1awkn
Women's Singles,170,Azkya Aliefa Ruhanda,Switzerland,10491,,https://m.aiscore.com/badminton/player-azkya-aliefa-ruhanda/o07dn3cr0ora9kn
Women's Singles,171,Cai Yanyan,China,10330,,https://m.aiscore.com/badminton/player-cai-yanyan/j374oxc04nvirqo
Women's Singles,172,"Sakai, Kanae",Japan,10240,,https://m.aiscore.com/badminton/player-sakai--kanae/6763zcv29omhp7r
Women's Singles,173,Leona Lee,England,10238,,https://m.aiscore.com/badminton/player-leona-lee/8lk2d9cd3jpf373
Women's Singles,174,Nurani Ratu Azzahra,United Arab Emirates,10150,,https://m.aiscore.com/badminton/player-nurani-ratu-azzahra/9gklz8c8195b17x
Women's Singles,175,Juliana Giraldo,Colombia,10044,,https://m.aiscore.com/badminton/player-juliana-giraldo/wv78x6cldg2snkr
Women's Singles,176,Joanne Ng,Malaysia,10020,,https://m.aiscore.com/badminton/player-joanne-ng/ezk96jcvynruwkn
Women's Singles,177,"Ramadhani, Sausan Dwi",Indonesia,10000,,https://m.aiscore.com/badminton/player-ramadhani--sausan-dwi/07dn3cd29rzi9kn
Women's Singles,178,"Cruz, Micah Henares",USA,9988,,https://m.aiscore.com/badminton/player-cruz--micah-henares/6763zcvwr5xap7r
Women's Singles,179,Petra Saarnivaara,Finland,9819,,https://m.aiscore.com/badminton/player-petra-saarnivaara/ndkz69c05zvieq3
Women's Singles,180,Adita Rao,India,9700,,https://m.aiscore.com/badminton/player-adita-rao/rqwnzco8d48tdqn
Women's Singles,181,Han Yu Chen,Chinese Taipei,9650,,https://m.aiscore.com/badminton/player-han-yu-chen/ndkz69cegl8seq3
Women's Singles,182,Lucie Amiguet,Switzerland,9628,,https://m.aiscore.com/badminton/player-lucie-amiguet/vmqy98cynwyi4k9
Women's Singles,183,Iona Gualdi,Argentina,9600,,https://m.aiscore.com/badminton/player-iona-gualdi/527r3dcdeyzb87e
Women's Singles,184,Wang Yu Si,Chinese Taipei,9570,,https://m.aiscore.com/badminton/player-wang-yu-si/9gklz8cx5oyh17x
Women's Singles,185,Shiori Ebihara,Japan,9550,,https://m.aiscore.com/badminton/player-shiori-ebihara/jek33vc8vlgidko
Women's Singles,186,Nutnalin Rattanapanuwong,Thailand,9530,,https://m.aiscore.com/badminton/player-nutnalin-rattanapanuwong/34kgm3cr5n5u8ko
Women's Singles,187,Jelena Buchberger,Croatia,9490,,https://m.aiscore.com/badminton/player-jelena-buchberger/xvkjozce5x2sx79
Women's Singles,188,Huang Sheng-Chun,Chinese Taipei,9420,,https://m.aiscore.com/badminton/player-huang-sheng-chun/2q156c22159cm76
Women's Singles,189,Insyirah Khan,Singapore,9398,,https://m.aiscore.com/badminton/player-insyirah-khan/o17pj3coyo3u27j
Women's Singles,190,Kim Ga Ram,South Korea,9300,,https://m.aiscore.com/badminton/player-kim-ga-ram/o07dn3cl0lys9kn
Women's Singles,191,Laura Floej Thomsen,Denmark,9240,,https://m.aiscore.com/badminton/player-laura-floej-thomsen/wv78x6c1w1oankr
Women's Singles,192,Tanvi Patri,India,9040,,https://m.aiscore.com/badminton/player-tanvi-patri/4kgm3c2p2mvu8ko
Women's Singles,193,Weronika Gorniak,Poland,8790,,https://m.aiscore.com/badminton/player-weronika-gorniak/j374oxc0ojwcrqo
Women's Singles,194,Ann-Sofie Husher Ruus,Denmark,8740,,https://m.aiscore.com/badminton/player-ann-sofie-husher-ruus/527r3dc3z9xa87e
Women's Singles,195,Zhang Yuelin,Australia,8703,,https://m.aiscore.com/badminton/player-zhang-yuelin/gklz8c00nngi17x
Women's Singles,196,Mariana Paiva,Portugal,8673,,https://m.aiscore.com/badminton/player-mariana-paiva/oj7x9jcxn2zsr7g
Women's Singles,197,Yoo A Yeon,South Korea,8600,,https://m.aiscore.com/badminton/player-yoo-a-yeon/gklz8c0y551a17x
Women's Singles,198,Ulyana Volskaya,Poland,8578,,https://m.aiscore.com/badminton/player-ulyana-volskaya/8lk2d9cdlexf373
Women's Singles,199,Cecilia Wang,Sweden,8550,,https://m.aiscore.com/badminton/player-cecilia-wang/vmqy98cx32pi4k9
Women's Singles,200,Ko Ruo Hsuan,Chinese Taipei,8530,,https://m.aiscore.com/badminton/player-ko-ruo-hsuan/zrkn68c690etnql
Women's Singles,201,Nella Nyqvist,Finland,8514,,https://m.aiscore.com/badminton/player-nella-nyqvist/69759ncg24wsnk2
Women's Singles,202,Yulia Yosephin Susanto,Indonesia,8400,,https://m.aiscore.com/badminton/player-yulia-yosephin-susanto/edq09gcllv9t4qx
Women's Singles,203,Heli Neiman,Israel,8347,,https://m.aiscore.com/badminton/player-heli-neiman/9gklz8c5rp6s17x
Women's Singles,204,Tanvi Reddy Andluri,,8340,,
Women's Singles,205,Siofra Flynn,Ireland,8336,,https://m.aiscore.com/badminton/player-siofra-flynn/69759ncomvgunk2
Women's Singles,206,Sri Nitya Naraharisetti,India,8310,,https://m.aiscore.com/badminton/player-sri-nitya-naraharisetti/l6keg3c2xp3cg75
Women's Singles,207,Huang Yu Wei,Chinese Taipei,8080,,https://m.aiscore.com/badminton/player-huang-yu-wei/9759nc3wl4xank2
Women's Singles,208,Navya Kanderi,India,7970,,https://m.aiscore.com/badminton/player-navya-kanderi/edq09gcwrzds4qx
Women's Singles,209,Fathimath Nabaaha Abdul Razzaq,Maldives,7940,,https://m.aiscore.com/badminton/player-fathimath-nabaaha-abdul-razzaq/m2q156czrzgtm76
Women's Singles,210,Naishaa Kaur Bhatoye,India,7870,,https://m.aiscore.com/badminton/player-naishaa-kaur-bhatoye/wv78x6cld0msnkr
Women's Singles,211,Sng Ying Shuen,Singapore,7830,,https://m.aiscore.com/badminton/player-sng-ying-shuen/v78x6cp6jwwsnkr
Women's Singles,212,Doha Hany,Egypt,7826,,https://m.aiscore.com/badminton/player-doha-hany/l6keg3c889nsg75
Women's Singles,213,Flora Wang,Netherlands,7795,,https://m.aiscore.com/badminton/player-flora-wang/ndkz69ce94eieq3
Women's Singles,214,Taymara Oropesa Pupo,Cuba,7740,,https://m.aiscore.com/badminton/player-taymara-oropesa-pupo/xvkjozc4mpjtx79
Women's Singles,215,Deswanti Hujansih Nurtertiati,Indonesia,7730,,https://m.aiscore.com/badminton/player-deswanti-hujansih-nurtertiati/69759ncpp1xcnk2
Women's Singles,216,Zehra Erdem,Turkey,7606,,https://m.aiscore.com/badminton/player-zehra-erdem/wv78x6c16z0snkr
Women's Singles,217,Novi Wieland,Netherlands,7602,,https://m.aiscore.com/badminton/player-novi-wieland/j374oxcrj63frqo
Women's Singles,218,Hok In Lam,Portugal,7560,,https://m.aiscore.com/badminton/player-hok-in-lam/63kv9jcpl65up7e
Women's Singles,219,Cheng Chih-Yun,Chinese Taipei,7560,,https://m.aiscore.com/badminton/player-cheng-chih-yun/v78x6cpj62zankr
Women's Singles,220,Ririna Hiramoto,Japan,7560,,https://m.aiscore.com/badminton/player-ririna-hiramoto/9759nc3vwemhnk2
Women's Singles,221,Emma Piccinin,Italy,7483,,https://m.aiscore.com/badminton/player-emma-piccinin/o07dn3c48vwh9kn
Women's Singles,222,Daniela Acosta,Dominican Republic,7460,,https://m.aiscore.com/badminton/player-daniela-acosta/mqy98cj8gdoc4k9
Women's Singles,223,Vennala Kalagotla,India,7440,,https://m.aiscore.com/badminton/player-vennala-kalagotla/dq09gcmpj4zu4qx
Women's Singles,224,Lalinrat Chaiwan,Thailand,7427,,https://m.aiscore.com/badminton/player-lalinrat-chaiwan/34kgm3c8dm5i8ko
Women's Singles,225,"Wang, Amy",Australia,7399,,https://m.aiscore.com/badminton/player-wang--amy/lk2d9cg1593u373
Women's Singles,226,Disha Santosh,India,7390,,https://m.aiscore.com/badminton/player-disha-santosh/r7owrc6j9vwh3q0
Women's Singles,227,Fernanda Munar Solimano,Peru,7380,,https://m.aiscore.com/badminton/player-fernanda-munar-solimano/oj7x9jcgxy5hr7g
Women's Singles,228,Srivally Anumula,India,7360,,https://m.aiscore.com/badminton/player-srivally-anumula/374oxc1exgjarqo
Women's Singles,229,Samanta Golubickaite,Lithuania,7353,,https://m.aiscore.com/badminton/player-samanta-golubickaite/ndqml6cw5l2cgkv
Women's Singles,230,Rachel Sugden,Scotland,7330,,https://m.aiscore.com/badminton/player-rachel-sugden/j374oxc0520trqo
Women's Singles,231,Faye Huo,Australia,7316,,https://m.aiscore.com/badminton/player-faye-huo/ek33vc6jw8rbdko
Women's Singles,232,Vanessa Maricela Garcia Contreras,Mexico,7314,,https://m.aiscore.com/badminton/player-vanessa-maricela-garcia-contreras/o17pj3cl58df27j
Women's Singles,233,Irina Amalie Andersen,Denmark,7300,,https://m.aiscore.com/badminton/player-irina-amalie-andersen/ndkz69c3xv1ueq3
Women's Singles,234,Anja Blazina,Slovenia,7275,,https://m.aiscore.com/badminton/player-anja-blazina/2q156c220ndam76
Women's Singles,235,Mariia Stoliarenko,Ukraine,7256,,https://m.aiscore.com/badminton/player-mariia-stoliarenko/g6763zcp2o3bp7r
Women's Singles,236,Aisyah Sativa Fatetani,Indonesia,7230,,https://m.aiscore.com/badminton/player-aisyah-sativa-fatetani/ndqml6cwj0rfgkv
Women's Singles,237,Hsieh Yi Tsen,Chinese Taipei,7220,,https://m.aiscore.com/badminton/player-hsieh-yi-tsen/jr7owrc5nrxt3q0
Women's Singles,238,Sarunrak Vitidsarn,Thailand,7140,,https://m.aiscore.com/badminton/player-sarunrak-vitidsarn/8lk2d9czplrf373
Women's Singles,239,Anastasiia Alymova,Ukraine,7140,,https://m.aiscore.com/badminton/player-anastasiia-alymova/oj7x9jcvr6pcr7g
Women's Singles,240,Natalia Slobodova,Slovakia,7067,,https://m.aiscore.com/badminton/player-natalia-slobodova/ndqml6cmlygtgkv
Women's Singles,241,Nana Hisaminato,Japan,7050,,https://m.aiscore.com/badminton/player-nana-hisaminato/374oxc18gmofrqo
Women's Singles,242,Sofiia Lavrova,Ukraine,6961,,https://m.aiscore.com/badminton/player-sofiia-lavrova/xvkjozc8n0wbx79
Women's Singles,243,Julie Franconville,Switzerland,6942,,https://m.aiscore.com/badminton/player-julie-franconville/jr7owrcy64zt3q0
Women's Singles,244,Juliane Piron,France,6930,,https://m.aiscore.com/badminton/player-juliane-piron/ezk96jcwjvniwkn
Women's Singles,245,Lalita Sattayathadakoon,,6920,,
Women's Singles,246,Seong Min Kim,South Korea,6920,,https://m.aiscore.com/badminton/player-seong-min-kim/g6763zc5l45fp7r
Women's Singles,247,Sadhana Fenelon,Belgium,6890,,https://m.aiscore.com/badminton/player-sadhana-fenelon/17pj3c0052ph27j
Women's Singles,247,Aaliyah Zakaria,Singapore,6890,,https://m.aiscore.com/badminton/player-aaliyah-zakaria/4kgm3c2nwo1s8ko
Women's Singles,249,Anwesha Gowda,India,6790,,https://m.aiscore.com/badminton/player-anwesha-gowda/ezk96jcr8p2hwkn
Women's Singles,249,Bui Bich Phuong,Vietnam,6790,,https://m.aiscore.com/badminton/player-bui-bich-phuong/34kgm3c8p83h8ko
Men's Doubles,1,Kim Won-ho/Seo Seung-jae,,119249,,
Men's Doubles,2,Fajar Alfian/Muhammad Shohibul Fikri,,90753,,
Men's Doubles,3,Aaron Chia Teng Fong/Soh Wooi Yik,,89484,,
Men's Doubles,4,Satwiksairaj Rankireddy/Chirag Shetty,,89311,,
Men's Doubles,5,Wang Chang/Liang Weikeng,,86009,,
Men's Doubles,6,Goh Sze Fei/Nur Izzuddin Rumsani,,76567,,
Men's Doubles,7,Sabar Karyaman Gutama/Moh Reza Pahlevi Isfahani,,70786,,
Men's Doubles,8,Chen Boyang/Liu Yi,,70265,,
Men's Doubles,9,Wei Chong Man/Kai Wun Tee,,69923,,
Men's Doubles,10,Takuro Hoki/Yugo Kobayashi,,69790,,
Men's Doubles,11,Ben Lane/Sean Vendy,,63741,,
Men's Doubles,12,Nikolaus Joaquin/Raymond Indra,,62366,,
Men's Doubles,13,Chiu Hsiang-chieh/Wang Chi-lin,,58825,,
Men's Doubles,14,Kang Minhyuk/Ki Dong Ju,,58723,,
Men's Doubles,15,Kim Astrup Sorensen/Anders Skaarup Rasmussen,,57819,,
Men's Doubles,16,Daniel Lundgaard/Mads Vestergaard,,57295,,
Men's Doubles,17,Lee Jhe-huei/Yang Po-hsuan,,57116,,
Men's Doubles,18,Lee Fang-chih/Lee Fang-Jen,,52321,,
Men's Doubles,19,Junaidi Arif/Roy King Yap,,51954,,
Men's Doubles,20,Christo Popov/Toma Junior Popov,,48681,,
Men's Doubles,21,Leo Rolly Carnando/Bagas Maulana,,48546,,
Men's Doubles,22,Kang Khai Xing/Aaron Tai,,48530,,
Men's Doubles,23,Kakeru Kumagai/Hiroki Nishi,,46448,,
Men's Doubles,24,Hariharan Amsakarunan/Madathil Ramachandran Arjun,,45114,,
Men's Doubles,25,Nur Mohd Azriyn Ayub Azriyn/Tan Wee Kiong,,44400,,
Men's Doubles,26,Hiroki Midorikawa/Kyohei Yamashita,,43670,,
Men's Doubles,27,Liu Kuang Heng/Yang Po Han,,43310,,
Men's Doubles,28,Chen Zhiyi/Presley Smith,,43305,,
Men's Doubles,29,Muhammad Rian Ardianto/Rahmat Hidayat,,41949,,
Men's Doubles,30,Hu Keyuan/Lin Xiangyi,,41673,,
Men's Doubles,31,Ali Faathir Rayhan/Devin Artha Wahyudi,,40720,,
Men's Doubles,32,Huang Di/Liu Yang,,39780,,
Men's Doubles,33,Malaysia,,39750,,
Men's Doubles,34,Takumi Nomura/Yuichi Shimogami,,38571,,
Men's Doubles,35,Chen Zhi Ray/Lin Yu Chieh,,38536,,
Men's Doubles,36,Christian Faust Kjaer/Rasmus Kjaer,,38074,,
Men's Doubles,37,Choong Hon Jian/Muhammad Haikal,,37312,,
Men's Doubles,38,Peeratchai Sukphun/Pakkapon Teeraratsakul,,34766,,
Men's Doubles,39,He Zhi-Wei/Huang Jui-Hsuan,,34350,,
Men's Doubles,40,Kevin Lee/Ty Alexander Lindeman,,33808,,
Men's Doubles,41,Chia Weijie/Lwi Sheng Hao,,33690,,
Men's Doubles,42,Scotland,,33540,,
Men's Doubles,43,Eng Keat Wesley Koh/Junsuke Kubo,,33462,,
Men's Doubles,44,Jiri Kral/Ondrej Kral,,32663,,
Men's Doubles,45,Eloi Adam/Leo Rossi,,32014,,
Men's Doubles,46,Choi Sol-gyu/Goh V Shem,,31260,,
Men's Doubles,47,Julien Maio/William Villeger,,30973,,
Men's Doubles,48,Charoenkitamorn Chaloempon/Worrapol Thongsa-Nga,,29501,,
Men's Doubles,49,Pruthvi Krishnamurthy Roy/Sai Pratheek K,,29225,,
Men's Doubles,50,Oliver Butler/Samuel Jones,,29089,,
Men's Doubles,51,Rodion Alimov/Maksim Ogloblin,,29040,,
Men's Doubles,52,Donovan Willard Wee/Wong Jia Hao Howin,,28600,,
Men's Doubles,53,Alex Green/Zach Russ,,28334,,
Men's Doubles,54,Bjarne Geiss/Jones Ralfy Jansen,,28138,,
Men's Doubles,55,Lai Po Yu/Tsai Fu Cheng,,27750,,
Men's Doubles,56,Hung Kuei Chun/Lui Chun Wai,,27715,,
Men's Doubles,57,Pharanyu Kaosamaang/Tanadon Punpanich,,27146,,
Men's Doubles,58,Low Hang Yee/Ng Eng Cheong,,26680,,
Men's Doubles,59,Kedren Kittinupong/Dechapol Puavaranukroh,,26130,,
Men's Doubles,60,Japan,,25990,,
Men's Doubles,61,Lin Chia Yen/Yong Sheng Lin,,25970,,
Men's Doubles,62,Zeng Weihan/Xie Haonan,,25960,,
Men's Doubles,63,Kenya Mitsuhashi/Hiroki Okamura,,25650,,
Men's Doubles,64,Dev Ayyappan/Dhiren Ayyappan,,25530,,
Men's Doubles,65,Muhammad Faiq Haziq/Lok Hong Quan,,25480,,
Men's Doubles,66,Alexander Dunn/Adam Pringle,,25400,,
Men's Doubles,67,Malik Bourakkadi/Kenneth Neumann,,25330,,
Men's Doubles,68,Mael Cattoen/Lucas Renoir,,24950,,
Men's Doubles,69,Hiroki Okamura/Kyohei Yamashita,,24920,,
Men's Doubles,70,Jin Yong/Na Sung-seung,,24540,,
Men's Doubles,71,He Jiting/Ren Xiangyu,,24012,,
Men's Doubles,72,Fabricio Farias/Davi Silva,,23331,,
Men's Doubles,73,Chen Cheng Kuan/Lin Bing-Wei,,23320,,
Men's Doubles,74,Anselmus Breagit Fredy Prasetya/Pulung Ramadhan,,22960,,
Men's Doubles,75,Jonathan Dresp/Simon Krax,,22186,,
Men's Doubles,76,Wei Chun Wei/Yang Po Chih,,22180,,
Men's Doubles,77,Bhargav Ram Arigela/Viswa Tej Gobburu,,22120,,
Men's Doubles,78,Suraj Goala/Dhruv Rawat,,21660,,
Men's Doubles,79,Su Ching-heng/Wu Guan Xun,,21060,,
Men's Doubles,80,Leo Rolly Carnando/Daniel Marthin,,20770,,
Men's Doubles,81,Muh Putra Erwiansyah/Daniel Edgar Marvino,,20650,,
Men's Doubles,82,Masayuki Onodera/Daigo Tanioka,,20600,,
Men's Doubles,83,Lau Yi Sheng/Tze Jian Lim,,20580,,
Men's Doubles,84,Chinese Taipei,,20420,,
Men's Doubles,85,Nguyen Dinh Hoang/Tran Dinh Manh,,20270,,
Men's Doubles,86,Huang Tsung-I/Lin Ting-Yu,,19670,,
Men's Doubles,87,Yann Orteu/Minh Quang Pham,,18929,,
Men's Doubles,88,Ruben Garcia/Carlos Piris,,18893,,
Men's Doubles,89,Malaysia,,18360,,
Men's Doubles,90,Robin Harper/Harry Wakefield,,18230,,
Men's Doubles,91,Jacobo Fernandez/Alberto Perals,,17622,,
Men's Doubles,92,Tori Aizawa/Daisuke Sano,,17450,,
Men's Doubles,93,Chang Ko-chi/Po Li-wei,,17080,,
Men's Doubles,94,Arden Quan Lee/Stanley Xing,,17078,,
Men's Doubles,95,Baptiste Labarthe/Quentin Ronget,,16870,,
Men's Doubles,96,Vojtech Havlicek/Tomas Svejda,,16570,,
Men's Doubles,97,Scott Guildea/Paul Reynolds,,16400,,
Men's Doubles,98,P.S Ravikrishna/Somi Romdhani,,16170,,
Men's Doubles,99,Mio Molin/Max Svensson,,15793,,
Men's Doubles,100,Natan Begga/Gregoire Deschamp,,15750,,
Men's Doubles,101,Achutaditya Rao Doddavarapu/Arjun Reddy Pochana,,15740,,
Men's Doubles,102,Viplav Kuvale/Viraj Kuvale,,15730,,
Men's Doubles,103,Dexter Farrell/Wahyu Agung Prasetyo,,15570,,
Men's Doubles,104,Takuto Goto/Tsubasa Yoshida,,15570,,
Men's Doubles,105,Cho Song Hyun/Jin Sung Ik,,15560,,
Men's Doubles,106,Lee Jong Min/Wang Chan,,15440,,
Men's Doubles,107,Goh Boon Zhe/Wong Vin Sean,,15230,,
Men's Doubles,108,Jin Y / Lee J,,15138,,
Men's Doubles,109,Solomon Jr. Padiz/Julius Villabrille,,15070,,
Men's Doubles,110,Bryan Jeremy Goonting/M Fazriq Mohamad Razif,,15056,,
Men's Doubles,111,Shuntaro Mezaki/Yuta Oku,,14900,,
Men's Doubles,112,Weerapat Phakjarung/Tanupat Viriyangkura,,14590,,
Men's Doubles,113,South Korea,,14490,,
Men's Doubles,114,Kristoffer Kolding/Calvin Lundsgaard,,14030,,
Men's Doubles,115,Dingku Singh Konthoujam/Amaan Mohammad,,13840,,
Men's Doubles,116,Chien-Wei Chiang/Wu Hsuan-yi,,13790,,
Men's Doubles,117,Cui Hechen/Peng Jianqin,,13786,,
Men's Doubles,118,Adrian Krawczyk/Szymon Slepecki,,13635,,
Men's Doubles,119,Rasmus Kjaer/Frederik Soegaard,,13620,,
Men's Doubles,120,Rasmus Espersen/Andreas Soendergaard,,13440,,
Men's Doubles,121,Csanad Horvath/Miklos Kis-Kasza,,13365,,
Men's Doubles,122,Iljo van Delsen/Yaro van Delsen,,13341,,
Men's Doubles,123,Raphael Chris Deloy/Adam Jeffrey,,13340,,
Men's Doubles,124,Torjus Flaatten/Jonas Oesthassel,,13158,,
Men's Doubles,125,Beh Chun Meng/Choi Jian Sheng,,13090,,
Men's Doubles,126,Algeria,,13059,,
Men's Doubles,127,Chen Yu-che/Chen Ze Ru,,12980,,
Men's Doubles,128,Boon Xin Yuan/Lee Yi Bo,,12660,,
Men's Doubles,129,Kong Hee-yong/Lee Yeon Woo,,12490,,
Men's Doubles,130,Cheng Kai Wen/Liao Chao Pang,,12470,,
Men's Doubles,131,Abinash Mohanty/Ayush Pattanayak,,12230,,
Men's Doubles,132,Hari Bharathi Baskaran.P/Bharathsanjai S,,12170,,
Men's Doubles,133,Wang Yuehang/Xie Zewei,,12130,,
Men's Doubles,134,Bao Xin Da Gu La Wai/Chou Yu Hsiang,,12050,,
Men's Doubles,135,Danial Iman Marzuan/Aaron Sonnenschein,,12030,,
Men's Doubles,136,Bugra Aktas/Emre Sonmez,,11928,,
Men's Doubles,137,Marvin Datko/Aaron Sonnenschein,,11670,,
Men's Doubles,138,Pramudya Kusumawardana/Jack Yu,,11650,,
Men's Doubles,139,Krishna Prasad Garaga/Pruthvi Krishnamurthy Roy,,11400,,
Men's Doubles,140,Akshan Shetty/Sankar Prasad Udayakumar,,11370,,
Men's Doubles,141,Karthick Raja Balamurugan/P. Parth Vaid,,11150,,
Men's Doubles,142,William Kryger Boe/Christian Faust Kjaer,,11140,,
Men's Doubles,143,Ren Xiangyu/Xie Haonan,,11090,,
Men's Doubles,144,Jonathan Bing Tsan Lai/Nyl Yakura,,11016,,
Men's Doubles,145,Ashraf Daniel Md Zakaria/M Ariffin Nazri Md Zakaria,,10820,,
Men's Doubles,146,Christopher Alexander Martinez Salvador/Jonathan Solis,,10801,,
Men's Doubles,147,Anuj Kale/Ian Lopes,,10800,,
Men's Doubles,148,Chen Bo-Yuan/Tang Kai Wei,,10750,,
Men's Doubles,149,Al-Amin Jumar/Moajjam Hossain Ohidul,,10660,,
Men's Doubles,150,Chen Sheng Fa/Lu Chen,,10650,,
Men's Doubles,151,Pongsakorn Thongkham/Wongsathorn Thongkham,,10490,,
Men's Doubles,152,Yannick Feltes/Jerome Pauquet,,10341,,
Men's Doubles,153,Kedren Kittinupong/Lucas Ekarat Wedler,,10180,,
Men's Doubles,154,Nebel R / Søby J,,10090,,
Men's Doubles,155,Chen Yongrui/Chen Zhehan,,10020,,
Men's Doubles,156,Law Cheuk Him/Yeung Shing Choi,,9960,,
Men's Doubles,157,Narut Saengkham/Apichasit Teerawiwat,,9944,,
Men's Doubles,158,Yudai Nagafuchi/Kota Ogawa,,9880,,
Men's Doubles,159,Noh Jin Seong/Park Seung Min,,9780,,
Men's Doubles,160,Aditya Diwakar/Kavin Thangam Kavin,,9720,,
Men's Doubles,161,Andy Buijk/Brian Wassink,,9696,,
Men's Doubles,162,Chen Xujun/Guo Ruohan,,9370,,
Men's Doubles,163,Yuto Noda/Shunya Ota,,9090,,
Men's Doubles,164,Jose Guevara/Adriano Viale,,9057,,
Men's Doubles,165,Arya Thakore/Dhruv Thakore,,9020,,
Men's Doubles,166,Nandakumar N G N / Rethinasabapathi R K,,8950,,
Men's Doubles,167,Chen S F / Chiu S H,,8950,,
Men's Doubles,168,Lap Hang Hugo Pong/Pong Lap Kan Kern,,8790,,
Men's Doubles,169,Jacob Ekman/Oscar Reuterhall,,8781,,
Men's Doubles,170,Xu Huayu/Zhang Lejian,,8540,,
Men's Doubles,171,Kazuki Shibata/Naoki Yamada,,8520,,
Men's Doubles,172,Vishnuvardhan Goud Panjala/Ruban Kumar Rethinasabapathi,,8510,,
Men's Doubles,173,Ashith Surya/Ganesh Vittalji,,8410,,
Men's Doubles,174,Erwiansyah M P / Maulana B,,8330,,
Men's Doubles,175,Miha Ivancic/Tadej Jelenc,,8329,,
Men's Doubles,176,Thibault Gardon/Tom Lalot Trescarte,,8290,,
Men's Doubles,177,Su Latt/Thet Htar Thuzar,,8246,,
Men's Doubles,178,Chiu Tzu Hung/Lu Ching-yao,,8200,,
Men's Doubles,179,Izak Batalha/Matheus Voigt,,8118,,
Men's Doubles,180,Nicolas Franconville/Liano Panza,,8070,,
Men's Doubles,181,Malaysia,,8070,,
Men's Doubles,182,Andrej Suchy/Simeon Suchy,,7970,,
Men's Doubles,183,Divyam Arora/Arsh Mohammad,,7920,,
Men's Doubles,184,Tobias Roenboeg/Mike Vestergaard,,7890,,
Men's Doubles,185,Ewan Goulin/Arsene Serre,,7880,,
Men's Doubles,186,David Bjarni Bjornsson/Kristofer Darri Finnsson,,7817,,
Men's Doubles,187,Keiichiro Matsui/Kenya Mitsuhashi,,7700,,
Men's Doubles,188,Keiichiro Matsui/Katsuki Tamate,,7600,,
Men's Doubles,189,Nitin Kumar/Harsh Rana,,7540,,
Men's Doubles,190,Robert Nebel/Otto Reiler,,7530,,
Men's Doubles,191,Ayato Endo/Yuta Takei,,7440,,
Men's Doubles,192,Chongo Ezra Mulenga/Kalombo Mulenga,,7434,,
Men's Doubles,193,Castillo J / Gaitan A,,7424,,
Men's Doubles,194,Aderya T / Marvino D E,,7400,,
Men's Doubles,195,Kristjan Kaljurand/Raul Käsner,,7374,,
Men's Doubles,196,Chen Xu Jun/Liu Yang,,7350,,
Men's Doubles,197,Ishaan Bhatnagar/Aradhana Balachandra,,7320,,
Men's Doubles,198,Huang Di/Ren Xiang Yu,,7320,,
Men's Doubles,199,Ki Dong Ju/Kim Won-ho,,7241,,
Men's Doubles,200,Daniel Franco/Rodrigo Sanjurjo,,7224,,
Men's Doubles,201,Aaron Chia Teng Fong/Tee Kai Wun,,7141,,
Men's Doubles,202,Huang Kai Yi/Lin Sheng-Ming,,7120,,
Men's Doubles,203,Alexius Ongkytama Subagio/Aquino Evano Keneddy Tangka,,7050,,
Men's Doubles,204,Kiren Milan Deraj/Victor Ho,,7020,,
Men's Doubles,205,Ping Hsuan Chen/Wei Ting Lee,,7000,,
Men's Doubles,206,Mohammed Munawar/Mohamed Muanis,,6980,,
Men's Doubles,207,Md Rahatun Nayem/Md. Mizanoor Rahman,,6960,,
Men's Doubles,208,Evan Kenny/Josh Taylor,,6940,,
Men's Doubles,209,Timo Stoffelen/Joep Strooper,,6920,,
Men's Doubles,210,Inoue S / Kida Y,,6850,,
Men's Doubles,211,Naoya Kawashima/Akira Koga,,6800,,
Men's Doubles,212,Lin Y F / Yang J Y,,6790,,
Men's Doubles,213,Jin Yong/Kim Won-ho,,6784,,
Men's Doubles,214,Jin Yong/Seo Seung-jae,,6769,,
Men's Doubles,215,Mohamed Abderrahime Belarbi/Adel Hamek,,6722,,
Men's Doubles,216,Cho Song Hyun/Kim Won-ho,,6698,,
Men's Doubles,217,Soh Wooi Yik/Tee Kai Wun,,6689,,
Men's Doubles,218,Chen Bo-yuan/Lu Ming Che,,6680,,
Men's Doubles,219,Karsten Spencer Darma/Michael Owen,,6660,,
Men's Doubles,220,Nur Izzuddin/Soh Wooi Yik,,6575,,
Men's Doubles,221,Pedersen A / Østergaard O,,6570,,
Men's Doubles,222,Singha G / Tanvir A J,,6430,,
Men's Doubles,223,Piboon C / Punpanich T,,6430,,
Men's Doubles,224,Ahmed Ali Abdelmajeed Elbahnasawy/Kareem Ezzat,,6395,,
Men's Doubles,225,Tanmoy Bikash Boruah/Kuldeep Kamal,,6360,,
Men's Doubles,226,Na Sung-seung/Wang Chan,,6350,,
Men's Doubles,227,Dharmagna Mandapati/Chiranjeevi Reddy Sundar,,6300,,
Men's Doubles,228,Eliel Melleri/Niilo Nyqvist,,6252,,
Men's Doubles,229,Kim Jae Hyeon/Lee Sang Won,,6240,,
Men's Doubles,230,Lai Yin Chung/Hing Long Wong,,6230,,
Men's Doubles,231,Filip Boehn/Sander Oesthassel,,6209,,
Men's Doubles,232,Fajar Alfian/Nikolaus Joaquin,,6163,,
Men's Doubles,233,Andrija Doder/Sergej Lukic,,6150,,
Men's Doubles,234,Dmitriy Panarin/Makhsut Tajibullayev,,6150,,
Men's Doubles,234,Tsai Cheng Han/Lu Chen,,6150,,
Men's Doubles,236,Cho Song Hyun/Lee Jong Min,,6096,,
Men's Doubles,237,Malaysia,,6090,,
Men's Doubles,237,Chang Ko-chi/Chen Sheng Fa,,6090,,
Men's Doubles,239,Daichi Miura/Yuto Nakashizu,,6070,,
Men's Doubles,240,Chen C / Cheng Y Y,,6040,,
Men's Doubles,241,Fajar Alfian/Muhammad Rian Ardianto,,6000,,
Men's Doubles,242,Yoshifumi Fujisawa/Shuntaro Mezaki,,5930,,
Men's Doubles,243,Victor Axander Ovalles Mordan/Ernick Zorrilla,,5890,,
Men's Doubles,244,Sansan Herdiansyah/Adriel Ferdinand Leonardo,,5850,,
Men's Doubles,245,Benjamin Horseman/Jia Bin Lee,,5730,,
Men's Doubles,246,Ang Nixon/Hymns Isaiah Shim,,5710,,
Men's Doubles,247,Ling D / M Shazmir I,,5650,,
Men's Doubles,248,Danielius Berzanskis/Domas Paksys,,5610,,
Men's Doubles,249,Duraiswamy N / Jegan P,,5600,,
Men's Doubles,249,Hung Bing Fu/Liu Fu Syuan,,5600,,
Women's Doubles,1,Liu Shengshu/Tan Ning,,116967,,
Women's Doubles,2,Jia Yifan/Zhang Shuxian,,94360,,
Women's Doubles,3,Baek Ha Na/Lee So-hee,,92154,,
Women's Doubles,4,Yuki Fukushima/Mayu Matsumoto,,91806,,
Women's Doubles,5,Pearly Tan/Thinaah Muralitharan,,91650,,
Women's Doubles,6,Kim Hye-jeong/Kong Hee-yong,,81767,,
Women's Doubles,7,Rin Iwanaga/Kie Nakanishi,,78764,,
Women's Doubles,8,Li Yijing/Luo Xumin,,62717,,
Women's Doubles,9,Hsieh Pei Shan/Hung En-tzu,,61915,,
Women's Doubles,10,Gabriela Stoeva/Stefani Stoeva,,60426,,
Women's Doubles,11,Rui Hirokami/Sayaka Hobara,,56020,,
Women's Doubles,12,Hsu Yin-hui/Lin Jhih Yun,,54614,,
Women's Doubles,13,Rachel Allessya Rose/Febi Setianingrum,,54526,,
Women's Doubles,14,Arisa Igarashi/Chiharu Shida,,53819,,
Women's Doubles,15,Febriana Dwipuji Kusuma/Meilysa Trias Puspita Sari,,53724,,
Women's Doubles,16,Amalia Cahaya Pratiwi/Siti Fadia Silva Ramadhanti,,52723,,
Women's Doubles,17,Hsu Ya-ching/Sung Yu-Hsuan,,50649,,
Women's Doubles,18,Jeong Na-eun/Lee Yeon Woo,,49210,,
Women's Doubles,19,Hinata Suzuki/Nao Yamakita,,49007,,
Women's Doubles,20,Kaho Osawa/Mai Tanabe,,48470,,
Women's Doubles,21,Lauren Lam/Allison Lee,,47999,,
Women's Doubles,22,Ong Xin Yee/Carmen Ting,,47133,,
Women's Doubles,23,Yeung Nga Ting/Yeung Pui Lam,,46684,,
Women's Doubles,24,Chang Ching Hui/Yang Ching Tun,,45445,,
Women's Doubles,25,Margot Lambert/Camille Pognante,,45103,,
Women's Doubles,26,Nazlican Inci/Bengisu Ercetin,,45002,,
Women's Doubles,27,Francesca Corbett/Jennie Gai,,43546,,
Women's Doubles,28,Ririna Hiramoto/Kokona Ishikawa,,43400,,
Women's Doubles,29,Polina Buhrova/Yevheniia Kantemyr,,42744,,
Women's Doubles,30,Lui Lok Lok/Tsang Hiu Yan,,40094,,
Women's Doubles,31,Luo Yi/Wang Tingge,,39963,,
Women's Doubles,32,Isyana Syahira Meida/Rinjani Kwinara Nastine,,39700,,
Women's Doubles,33,Hu Ling-fang/Jheng Yu Chieh,,37780,,
Women's Doubles,34,Lin Xiao Min/Wang Yu Qiao,,36280,,
Women's Doubles,35,Julie MacPherson/Ciara Torrance,,36190,,
Women's Doubles,36,Hathaithip Mijad/Napapakorn Tungkasatan,,35673,,
Women's Doubles,37,Jackie Dent/Crystal Lai,,34306,,
Women's Doubles,38,Kavipriya Selvam/Simran Singhi,,32053,,
Women's Doubles,39,Paula Lopez/Lucia Rodriguez,,31095,,
Women's Doubles,40,Sung Shuo Yun/Yu Chien Hui,,31000,,
Women's Doubles,41,Ashwini Bhat K./Shikha Gautam,,29990,,
Women's Doubles,42,Treesa Jolly/Gayatri Gopichand Pullela,,29692,,
Women's Doubles,43,Lin Chih-Chun/Yang Chu Yun,,29640,,
Women's Doubles,44,Priya Konjengbam/Shruti Mishra,,29245,,
Women's Doubles,45,Go Pei Kee/Teoh Mei Xing,,29130,,
Women's Doubles,46,Nanako Hara/Riko Kiyose,,29030,,
Women's Doubles,47,Fan Ka Yan/Mau Ying Yau,,28600,,
Women's Doubles,48,Rutaparna Panda/Swetaparna Panda,,28080,,
Women's Doubles,49,Siti Sarah Azzahra/Az Zahra Ditya Ramadhani,,28060,,
Women's Doubles,50,Paulina Hankiewicz/Kornelia Marczak,,27997,,
Women's Doubles,51,Jaqueline Lima/Samia Lima,,27750,,
Women's Doubles,52,Phattharin Aiamvareesrisakul/Sarisa Janpeng,,27723,,
Women's Doubles,53,Chen Yan Fei/Sun Liang Ching,,27610,,
Women's Doubles,54,Chen Yu Hsuan/Liu Chiao-Yun,,27540,,
Women's Doubles,55,Kathrine Vang/Mette Werge,,26863,,
Women's Doubles,56,Abbygael Harris/Lizzie Tolman,,26640,,
Women's Doubles,57,Lanny Tria Mayasari/Apriyani Rahayu,,26260,,
Women's Doubles,58,Chong Jie Yu/Vanessa Ng,,25850,,
Women's Doubles,59,Lisa Curtin/Sian Kelly,,25705,,
Women's Doubles,60,China,,24840,,
Women's Doubles,61,Gronya Somerville/Angela Yu,,24667,,
Women's Doubles,62,Lanny Tria Mayasari/Amalia Cahaya Pratiwi,,24550,,
Women's Doubles,63,Natasja P Anthonisen/Amalie Cecilie Kudsk,,24310,,
Women's Doubles,64,Malena Norrman/Tilda Sjoo,,24267,,
Women's Doubles,65,Febriana Dwipuji Kusuma/Amallia Cahaya Pratiwi,,23826,,
Women's Doubles,66,Ornnicha Jongsathapornparn/Sukitta Suwachai,,23340,,
Women's Doubles,67,Sayaka Hirota/Ayako Sakuramoto,,23290,,
Women's Doubles,68,Simona Pilgaard/Signe Schulz,,23070,,
Women's Doubles,69,Su Yu Chen/Hsieh Yi En,,22320,,
Women's Doubles,70,Zi Yu Low/Noraqilah Maisarah,,22319,,
Women's Doubles,71,Kirsten de Wit/Meerte Loos,,21827,,
Women's Doubles,72,Nikol Carulla/Carmen Maria Jimenez,,21822,,
Women's Doubles,73,Nami Matsuyama/Chiharu Shida,,21500,,
Women's Doubles,74,Cheng Su Hui/Tan Zhing Yi,,21270,,
Women's Doubles,75,Teng Chun-hsun/Yang Chu Yun,,21190,,
Women's Doubles,76,Sumire Nakade/Miyu Takahashi,,21170,,
Women's Doubles,77,Martina Corsini/Emma Piccinin,,21012,,
Women's Doubles,78,Laudya Chelsea Griselda/Nozomi Shimizu,,20390,,
Women's Doubles,79,Kim Yu Jung/Lee Yu Lim,,20110,,
Women's Doubles,80,Chou Yun An/Sung Yi-Hsuan,,19990,,
Women's Doubles,81,Lærke Hvid/Anna Klausholm,,19950,,
Women's Doubles,82,Lucie Amiguet/Caroline Racloz,,19821,,
Women's Doubles,83,Selin Hubsch/Amelie Lehmann,,18725,,
Women's Doubles,84,Hsieh Mi Yen/Yu Chien Hui,,18630,,
Women's Doubles,85,Yasemen Bektas/Sinem Yildiz,,17650,,
Women's Doubles,86,Kim Min Ji/Ye Na Lee,,17640,,
Women's Doubles,87,Serena Au Yeong/Anna Hagspiel,,17140,,
Women's Doubles,88,Ho Lo Ee/Yap Amanda Hwa Leng,,16900,,
Women's Doubles,89,Elsa Jacob/Flavie Vallet,,16782,,
Women's Doubles,90,Aline Muller/Kelly van Buiten,,16630,,
Women's Doubles,91,Apriyani Rahayu/Siti Fadia Silva Ramadhanti,,16300,,
Women's Doubles,92,Kodchaporn Chaichana/Pannawee Polyiam,,16050,,
Women's Doubles,93,Vaishnavi Khadkekar/Alisha Khan,,15804,,
Women's Doubles,94,Bao Lijing/Luo Xumin,,15750,,
Women's Doubles,95,Fiona Hallberg/Elin Ohling,,15747,,
Women's Doubles,96,Aung Nicky Yemin/Sirapat Tepnarong,,15350,,
Women's Doubles,97,Anastasiia Boiarun/Daria Kharlampovich,,15210,,
Women's Doubles,98,Amy Ackerman/Johanita Scholtz,,15201,,
Women's Doubles,99,Pham Thi Dieu Ly/Pham Thi Khanh,,15160,,
Women's Doubles,100,Audrey Chang/Jasmine Yeung,,15080,,
Women's Doubles,101,Lin Chih-chun/Lin Wan-ching,,14970,,
Women's Doubles,102,Lee Chih Chen/Lin Yen Yu,,14940,,
Women's Doubles,103,Cheng Chih-Yun/Hsieh Yi Tsen,,14740,,
Women's Doubles,104,Benyapa Aimsaard/Nuntakarn Aimsaard,,14700,,
Women's Doubles,105,Aditi Bhatt/Shravani Walekar,,14660,,
Women's Doubles,106,Li Yijing/Wang Yiduo,,14620,,
Women's Doubles,107,Nishu Malik/Muskan Sangwan,,14600,,
Women's Doubles,108,Chen Hsuan Ni/Hsieh Mi Yen,,14550,,
Women's Doubles,109,Tidapron Kleebyeesun/Nattamon Laisuan,,14430,,
Women's Doubles,110,Lee Seo Jin/Lee Yeon Woo,,14268,,
Women's Doubles,111,Naomi Junco Vasquez/Namie Miyahira Tsukazan,,14202,,
Women's Doubles,112,Mao Hatasue/Kanano Muroya,,13790,,
Women's Doubles,113,Chia En Chung/Wang You Zhu,,13610,,
Women's Doubles,114,Gronya Somerville/Josephine Wu,,13410,,
Women's Doubles,115,Jazmine Lam/Lim Yee-Yuan,,13230,,
Women's Doubles,116,Benyapa Aimsaard/Sabrina Sophita Wedler,,13170,,
Women's Doubles,117,China,,12800,,
Women's Doubles,118,Emmy Guilbard/Anouk Nambot,,12760,,
Women's Doubles,119,Taabia Khan/Mysha Omer Khan,,12630,,
Women's Doubles,120,Nour Ahmed Youssri/Doha Hany,,12294,,
Women's Doubles,121,Lanny Tria Mayasari/Siti Fadia Silva Ramadhanti,,12050,,
Women's Doubles,122,Han Chen/Hsu Jui-Yi,,12030,,
Women's Doubles,123,Bao Lijing/Zhang Shuxian,,12020,,
Women's Doubles,124,Anna-sofie Nielsen/Sofie Rojkjaer,,12010,,
Women's Doubles,125,Nairoby Abigail Jimenez/Clarisa Pie,,12010,,
Women's Doubles,126,Chinese Taipei,,11970,,
Women's Doubles,127,Srinidhi Narayanan/Reshika Uthayasooriyan,,11760,,
Women's Doubles,128,Abbygael Harris/Estelle Van Leeuwen,,11745,,
Women's Doubles,129,Rashmi Ganesh/Sania Sikkandar,,11710,,
Women's Doubles,130,Raiia Almalalha/Sofiia Lavrova,,11596,,
Women's Doubles,131,Liao L X / Shen S Y,,11460,,
Women's Doubles,132,Diana Corleto Soto/Nikte Alejandra Sotomayor,,11329,,
Women's Doubles,133,Sania Lima/Juliana Viana Vieira,,11322,,
Women's Doubles,134,Keng Shuliang/Li Huazhou,,11250,,
Women's Doubles,135,Gan Min Yee/Tan Zhing Hui,,11210,,
Women's Doubles,136,Rui Kiyama/Sona Yonemoto,,11120,,
Women's Doubles,137,Hsieh Chih Ying/Lee Yu-hsuan,,11090,,
Women's Doubles,138,Gayatri Rawat/Mansa Rawat,,11020,,
Women's Doubles,139,Ornnicha Jongsathapornparn/Sabrina Sophita Wedler,,10930,,
Women's Doubles,140,Nardhana Ravishankar/Riduvarshini Ramasamy,,10920,,
Women's Doubles,141,Iona Gualdi/Ailen Oliva,,10810,,
Women's Doubles,142,Hsin Tung Chen/Yu-hsi Chen,,10740,,
Women's Doubles,143,Sarah Dlapka/Lena Rumpold,,10710,,
Women's Doubles,144,Chen Fanshutian/Liu Jiayue,,10630,,
Women's Doubles,145,Chan Po-Hsuan/Liao Pin-Chen,,10120,,
Women's Doubles,146,Hsieh Chih Ying/Huang Tzu-Ling,,10020,,
Women's Doubles,147,Dominican Republic,,9980,,
Women's Doubles,148,Orla Flynn/Siofra Flynn,,9770,,
Women's Doubles,149,Mizuki Otake/Miyu Takahashi,,9720,,
Women's Doubles,150,Yasmina Chibah/Linda Mazri,,9517,,
Women's Doubles,151,Romina Fregoso/Miriam Jacqueline Rodriguez Perez,,9475,,
Women's Doubles,152,Anja Blazina/Ariana Korent,,9475,,
Women's Doubles,153,Sian Kelly/Lizzie Tolman,,9220,,
Women's Doubles,154,Hrissha Dubey/Ridhi Kaur Toor,,9130,,
Women's Doubles,155,Fernanda Munar Solimano/Rafaela Munar Solimano,,9129,,
Women's Doubles,156,Sugiyama M / Takasaki N,,9000,,
Women's Doubles,157,Liu Jiayue/Wang Yiduo,,8909,,
Women's Doubles,158,Arathi Sara Sunil/Varshini Viswanath Sri,,8790,,
Women's Doubles,158,Sakshi Gahlawat/Taneesha Singh,,8790,,
Women's Doubles,160,Moe Aoki/Misaki Kurashima,,8760,,
Women's Doubles,161,Ishu Malik/Tanu Malik,,8710,,
Women's Doubles,162,Chen Su Yu/Lee Yu-hsuan,,8690,,
Women's Doubles,163,Nicole Chau/Nicole Tan,,8610,,
Women's Doubles,164,Zenith Abbigail/Likhita Srivastava,,8590,,
Women's Doubles,165,Moe AOKI/Hina OSAWA,,8400,,
Women's Doubles,166,Shreya Balaji/Deepta Sathish,,8270,,
Women's Doubles,167,Ko Ruo Hsuan/Lee Yu-hsuan,,8180,,
Women's Doubles,168,Bao L J / Li Y J,,8170,,
Women's Doubles,169,Velisha Christina/Agnia Sri Rahayu,,8160,,
Women's Doubles,170,Aminath Nabeeha Abdul Razzaq/Fathimath Nabaaha Abdul Razzaq,,8100,,
Women's Doubles,171,Aleena Qathun/Sreeyuktha Sreejith Parol,,8080,,
Women's Doubles,172,Hung H Y / Wong Y L Y,,8070,,
Women's Doubles,173,Juliana Giraldo/Karen Patiño,,8060,,
Women's Doubles,174,Maria Koriagina/Yaroslava Vantsarovska,,7990,,
Women's Doubles,175,Anja Jordan/Kim Matovic,,7976,,
Women's Doubles,176,Baek Ha Na/Kim Hye-jeong,,7836,,
Women's Doubles,177,Takata A / Yairo M,,7800,,
Women's Doubles,178,Arisa Igarashi/Miyu Takahashi,,7800,,
Women's Doubles,179,Ng Weng Chi/Pui Chi Wa,,7790,,
Women's Doubles,180,Bao L J / Li H Z,,7700,,
Women's Doubles,181,Amrutha Pramuthesh/Nayana S Oasis Sunil Oasis,,7630,,
Women's Doubles,182,Jung Kyung Eun/Kim So Yeong,,7600,,
Women's Doubles,183,Fadilah Shamika Mohamed Rafi/Tracy Naluwooza,,7460,,
Women's Doubles,184,Catlyn Kruus/Ramona Uprus,,7444,,
Women's Doubles,185,Tay Andrea Jacqui/Teo Eng Ker,,7350,,
Women's Doubles,186,Kateřina Osladilova/Tallulah Sharleen van Coppenolle,,7341,,
Women's Doubles,187,Cheng Yu-Pei/Sun Yu Hsing,,7310,,
Women's Doubles,188,Eliana Zhang/Wen Yu Zhang,,7301,,
Women's Doubles,189,Yun Jung Chang/Tsai Ruo Lin,,7200,,
Women's Doubles,190,Jin Yujia/Heng Xiao En,,7176,,
Women's Doubles,191,Camellia Zhou/Jenny Zhu,,7142,,
Women's Doubles,192,Eyota Kwan/Johnna Rymes,,7090,,
Women's Doubles,193,Lam C W / Sim J M,,7000,,
Women's Doubles,194,Kie Nakanishi/Chiharu Shida,,6981,,
Women's Doubles,195,Debora Jille/Isabel Lohau,,6940,,
Women's Doubles,196,Harima T / Imai Y,,6890,,
Women's Doubles,197,Yuna Kato/Hina Osawa,,6800,,
Women's Doubles,198,Catherine Choi/Crystal Lai,,6762,,
Women's Doubles,199,Lin Jia Yin/Lin Yu-Pei,,6750,,
Women's Doubles,200,Miki Kanehiro/Rui Kiyama,,6750,,
Women's Doubles,201,Agathe Cuevas/Kathell Desmots-Chacun,,6740,,
Women's Doubles,202,Mihaela Chepisheva/Tsvetina Popivanova,,6710,,
Women's Doubles,203,Luo Xumin/Wang Yiduo,,6710,,
Women's Doubles,204,Atitaya Povanon/Patida Srisawat,,6678,,
Women's Doubles,205,Chen Yu Tong/Lai Yu Jung,,6620,,
Women's Doubles,206,Lee So-hee/Lee Yeon Woo,,6554,,
Women's Doubles,207,Leonie Wronna/Aurelia Wulandoko,,6550,,
Women's Doubles,208,Leyanis Contreras Cabeza/Taymara Oropesa Pupo,,6540,,
Women's Doubles,209,Luo Xumin/Zhang Shuxian,,6539,,
Women's Doubles,210,Jeon Jui/Kim Ha Na,,6500,,
Women's Doubles,211,Oasis N S / Viswanath Sri V,,6390,,
Women's Doubles,212,Chang Y J / Lin Y Y,,6390,,
Women's Doubles,213,Lisa Curtin/Yulia Tang,,6360,,
Women's Doubles,214,Priska Kustiadi/Maureen Clarissa Wijaya,,6290,,
Women's Doubles,215,Mikoto Aiso/Momoha Niimi,,6240,,
Women's Doubles,216,Tsai Ruo Lin/Wang Yi Zhen,,6220,,
Women's Doubles,217,Jeong Na-eun/Kim Hye-jeong,,6218,,
Women's Doubles,218,Sterre Bang/Inger Pothuizen,,6170,,
Women's Doubles,219,Sirine Ibrahim/Tanina Violette Mammeri,,6127,,
Women's Doubles,220,Janani Ananthakumar/Taabia Khan,,6070,,
Women's Doubles,221,Saffron Morris/Yulia Tang,,5990,,
Women's Doubles,222,Thi Ngoc Lan Nguyen/Than Van Anh,,5970,,
Women's Doubles,223,Fae Boonen/Lieke van Parys,,5967,,
Women's Doubles,224,Kim S Y / Lee S J,,5950,,
Women's Doubles,225,Jeong Na Eun/Lee So Hee,,5911,,
Women's Doubles,226,How Hong Chiara Kate/How Hong Elsa Caitlin,,5788,,
Women's Doubles,227,Selsi Josika/Yasintha Ristyna Putri,,5720,,
Women's Doubles,228,Ong Xin Yee/Thinaah Muralitharan,,5686,,
Women's Doubles,229,Jenjira Stadelmann/Leila Zarrouk,,5600,,
Women's Doubles,229,Tomona Harima/Tsukiko Yasaki,,5600,,
Women's Doubles,231,Centeno Fuentes F B / Hernandez D,,5588,,
Women's Doubles,232,Wang Y D / Wang Z M,,5520,,
Women's Doubles,233,Arisa Igarashi/Mayu Matsumoto,,5509,,
Women's Doubles,234,Yuna Kato/Sona Yonemoto,,5500,,
Women's Doubles,235,Yuki Fukushima/Arisa Igarashi,,5449,,
Women's Doubles,236,Julia Piwowar/Daria Zimnol,,5430,,
Women's Doubles,237,Arisa Igarashi/Kie Nakanishi,,5412,,
Women's Doubles,238,Isuri Attanayake/Sithumi De Silva,,5410,,
Women's Doubles,239,Reeva Evangelin/Samriddhi Singh,,5400,,
Women's Doubles,239,Muskaan Khan/Annanya Pravin,,5400,,
Women's Doubles,241,Kie Nakanishi/Miyu Takahashi,,5358,,
Women's Doubles,242,Chaiwanna P / Rungruengpramong P,,5340,,
Women's Doubles,243,Yanxi Liu/Natalie Ting,,5320,,
Women's Doubles,244,Raia Pashova/Gergana Pavlova,,5260,,
Women's Doubles,245,Lemming S / Petersen A A,,5250,,
Women's Doubles,246,Chloe Ho/Stella Pan,,5080,,
Women's Doubles,247,Emma Goyette/Jasmine Yuexin Zhang,,5070,,
Women's Doubles,248,Manya Ralhan/Shivani Santosh Singh,,5020,,
Women's Doubles,249,Carrisia J / Huo F,,5020,,
Women's Doubles,250,Vanessa Maricela Garcia Contreras/Vanessa Karmine Villalobos Vazquez,,4950,,
Mixed Doubles,1,Feng Yanzhe/Huang Dongping,,105300,,
Mixed Doubles,2,Jiang Zhenbang/Wei Yaxin,,98950,,
Mixed Doubles,3,Mathias Christiansen/Alexandra Boje,,88290,,
Mixed Doubles,4,Dechapol Puavaranukroh/Supissara Paewsampran,,87520,,
Mixed Doubles,5,Chen Tang Jie/Toh Ee Wei,,85100,,
Mixed Doubles,6,Guo Xinwa/Chen Fanghui,,78070,,
Mixed Doubles,7,Thom Gicquel/Delphine Delrue,,77740,,
Mixed Doubles,8,Tang Chun Man/Tse Ying Suet,,65890,,
Mixed Doubles,9,Cheng Xing/Zhang Chi,,61630,,
Mixed Doubles,10,Ye Hong-wei/Chan Nicole Gonzales,,59870,,
Mixed Doubles,11,Goh Soon Huat/Shevon Lai Jemie,,59480,,
Mixed Doubles,12,Jafar Hidayatullah/Felisha Alberta Nathaniel Pasaribu,,58900,,
Mixed Doubles,13,Hiroki Midorikawa/Natsu Saito,,53260,,
Mixed Doubles,14,Yuichi Shimogami/Sayaka Hobara,,52750,,
Mixed Doubles,15,Amri Syahnawi/Nita Violina Marwah,,50310,,
Mixed Doubles,16,Pakkapon Teeraratsakul/Sapsiree Taerattanachai,,50180,,
Mixed Doubles,17,Presley Smith/Jennie Gai,,49200,,
Mixed Doubles,18,Jesper Toft/Amalie Magelund,,48720,,
Mixed Doubles,19,Ruttanapak Oupthong/Jhenicha Sudjaipraparat,,48050,,
Mixed Doubles,20,Yang Po-hsuan/Hu Ling-fang,,46890,,
Mixed Doubles,21,Dhruv Kapila/Tanisha Crasto,,46270,,
Mixed Doubles,22,Mads Vestergaard/Christine Busch Andreasen,,45360,,
Mixed Doubles,23,Marwan Faza/Aisyah Salsabila Putri Pranata,,44460,,
Mixed Doubles,24,Adnan Maulana/Indah Cahya Sari Jamil,,44290,,
Mixed Doubles,25,Hoo Pang Ron/Cheng Su Yin,,43180,,
Mixed Doubles,26,Yuta Watanabe/Maya Taguchi,,41160,,
Mixed Doubles,27,Akira Koga/Natsu Saito,,40600,,
Mixed Doubles,28,Dejan Ferdinansyah/Bernadine Anindiya Wardana,,40060,,
Mixed Doubles,29,Chen Cheng Kuan/Hsu Yin-Hui,,40001,,
Mixed Doubles,30,Zhu Yijun/Li Qian,,39520,,
Mixed Doubles,31,Marvin Emil Seidel/Thuc Phuong Nguyen,,39390,,
Mixed Doubles,32,Chan Yin Chak/Ng Tsz Yau,,39270,,
Mixed Doubles,33,Jimmy Wong/Lai Pei Jing,,38580,,
Mixed Doubles,34,Gao Jiaxuan/Wu Mengying,,37930,,
Mixed Doubles,35,Callum Hemming/Estelle van Leeuwen,,37270,,
Mixed Doubles,36,Alexander Dunn/Julie MacPherson,,37100,,
Mixed Doubles,37,Tien Ci Wong/Lim Chiew Sien,,37010,,
Mixed Doubles,38,Rasmus Espersen/Amalie Cecilie Kudsk,,36930,,
Mixed Doubles,39,Julien Maio/Lea Palermo,,36700,,
Mixed Doubles,40,Bobby Setiabudi/Melati Daeva Oktavianti,,36130,,
Mixed Doubles,41,Wu GuanXun/Lee Chia-hsin,,35800,,
Mixed Doubles,42,Rohan Kapoor/Gadde Ruthvika Shivani,,35320,,
Mixed Doubles,43,Ruben Garcia/Lucia Rodriguez,,33190,,
Mixed Doubles,44,Wu Hsuan-yi/Yang Chu Yun,,33122,,
Mixed Doubles,45,Kim Jae Hyeon/Jang Ha Jeong,,32030,,
Mixed Doubles,46,Phuwanat Horbanluekit/Benyapa Aimsaard,,31420,,
Mixed Doubles,47,Bimo Prasetyo/Arlya Nabila Thesa Munggaran,,31400,,
Mixed Doubles,48,Chen Zhiyi/Francesca Corbett,,30000,,
Mixed Doubles,49,Dhruv Rawat/Kukkapalli Maneesha,,29910,,
Mixed Doubles,50,Fabricio Farias/Jaqueline Lima,,27450,,
Mixed Doubles,51,Kristoffer Kolding/Mette Werge,,27280,,
Mixed Doubles,52,Mihaijlo Tomic/Andjela Vitman,,26840,,
Mixed Doubles,53,China,,26740,,
Mixed Doubles,54,Supak Jomkoh/Ornnicha Jongsathapornparn,,26660,,
Mixed Doubles,55,Jonathan Bing Tsan Lai/Crystal Lai,,26650,,
Mixed Doubles,56,Ashith Surya/Amrutha Pramuthesh,,26580,,
Mixed Doubles,57,M.Nawaf Khoiriyansyah/Nahya Muhyifa,,26500,,
Mixed Doubles,58,Samuel Jones/Lizzie Tolman,,26340,,
Mixed Doubles,59,Ming Che Lu/En-Tzu Hung,,25970,,
Mixed Doubles,60,Liu Kuang Heng/Hsu Yin-hui,,25670,,
Mixed Doubles,61,Timothy Lock/Chloe Hoang,,25536,,
Mixed Doubles,62,Ondrej Kral/Tereza Svabikova,,25530,,
Mixed Doubles,63,Simon Krax/Amelie Lehmann,,25080,,
Mixed Doubles,64,Davi Silva/Sania Lima,,25020,,
Mixed Doubles,65,Ratchapol Makkasasithorn/Nattamon Laisuan,,24700,,
Mixed Doubles,66,Brian Wassink/Debora Jille,,24390,,
Mixed Doubles,67,Natan Begga/Elsa Jacob,,23270,,
Mixed Doubles,68,Liu Kuang Heng/Jheng Yu Chieh,,23240,,
Mixed Doubles,69,Filip Karlborg/Tilda Sjoo,,22590,,
Mixed Doubles,70,Rehan Naufal Kusharjanto/Gloria Emanuelle Widjaja,,22420,,
Mixed Doubles,71,Andika Ramadiansyah/Nozomi Shimizu,,22360,,
Mixed Doubles,72,Kanapuram S R / Sharma Rad,,21950,,
Mixed Doubles,73,Malik Bourakkadi/Leona Michalski,,21498,,
Mixed Doubles,74,Liew Xun/Ho Lo Ee,,21210,,
Mixed Doubles,75,Emre Sonmez/Yasemen Bektas,,20820,,
Mixed Doubles,76,Oleksii Titov/Yevheniia Kantemyr,,20740,,
Mixed Doubles,77,Koceila Mammeri/Tanina Violette Mammeri,,19120,,
Mixed Doubles,78,Edward Lau/Shaunna Li,,19040,,
Mixed Doubles,79,Lee Jong Min/Chae Yoo-jung,,18670,,
Mixed Doubles,80,Christopher Alexander Martinez Salvador/Diana Corleto Soto,,18350,,
Mixed Doubles,81,Hoo P R / Lai P J,,18180,,
Mixed Doubles,82,Haruki Kawabe/Kokona Ishikawa,,18070,,
Mixed Doubles,83,Mohit Jaglan/Lakshita Jaglan,,17910,,
Mixed Doubles,84,Tonkid Saeheng/Tonrug Saeheng,,17870,,
Mixed Doubles,85,Li Hong Yi/Huang Ke Xin,,17760,,
Mixed Doubles,86,Midorikawa H / Matsuyama N,,17750,,
Mixed Doubles,87,Kevin Lee/Eliana Zhang,,17510,,
Mixed Doubles,88,Tien Ann Par/Juliana Zefanya Gabriela,,17440,,
Mixed Doubles,89,Andy Buijk/Meerte Loos,,17060,,
Mixed Doubles,90,Calvin Devereux/Desiree Toepffer,,16740,,
Mixed Doubles,91,Dhiren Ayyappan/Taabia Khan,,16680,,
Mixed Doubles,92,Leong Iok Chong/Weng Chi Ng,,16640,,
Mixed Doubles,93,Patrick Scheiel/Franziska Volkmann,,16590,,
Mixed Doubles,94,Lu Ming Che/Chou Yun An,,16510,,
Mixed Doubles,95,Low Han Chen/Chan Wen Tse,,16380,,
Mixed Doubles,96,He Zhi-Wei/Sun Liang Ching,,16330,,
Mixed Doubles,97,Nithin H.v./Srinidhi Narayanan,,16040,,
Mixed Doubles,98,Kenzie Yoe/Luna Rianty Saffana,,15980,,
Mixed Doubles,99,Nicolas Franconville/Julie Franconville,,15950,,
Mixed Doubles,100,Too Ming Yap/Lee Yu Shan,,15850,,
Mixed Doubles,101,Terry Hee Yong Kai/Gloria Emanuelle Widjaja,,15690,,
Mixed Doubles,102,Oliver Butler/Abbygael Harris,,15670,,
Mixed Doubles,103,Max Svensson/Sofia Stromvall,,15350,,
Mixed Doubles,104,P.S Ravikrishna/Janani Ananthakumar,,15260,,
Mixed Doubles,105,Ishaan Bhatnagar/Shruti Mishra,,15150,,
Mixed Doubles,106,Evgeni Panev/Gabriela Stoeva,,14910,,
Mixed Doubles,107,Wee Yee Hern/Vannee Gobi,,14750,,
Mixed Doubles,108,Datu Asrah D A I / San C,,14730,,
Mixed Doubles,109,Liao Pin Yi/Tang Rui Zhi,,14490,,
Mixed Doubles,110,Akira Koga/Yuho Imai,,14410,,
Mixed Doubles,111,Nitin Kumar/Ritika Thaker,,14300,,
Mixed Doubles,112,Bhavya Chhabra/Vishakha Toppo,,14250,,
Mixed Doubles,113,Terry Hee Yong Kai/Jin Yujia,,14070,,
Mixed Doubles,114,L.A.Montoya Navarro/M.J.Rodriguez Perez,,14040,,
Mixed Doubles,115,Loo Bing Kun/Noraqilah Maisarah,,13970,,
Mixed Doubles,116,Mikk Ounmaa/Ramona Uprus,,13850,,
Mixed Doubles,117,Rohith Mohankumar/Riduvarshini Ramasamy,,13320,,
Mixed Doubles,118,Jimmy Wong/Cheng Su Yin,,13140,,
Mixed Doubles,119,Yann Orteu/Caroline Racloz,,13130,,
Mixed Doubles,120,Lee Jong Min/Lee Yu Lim,,12970,,
Mixed Doubles,121,Ho Wen-Hsun/Chen Yu Hsuan,,12890,,
Mixed Doubles,122,Wang Chan/Kim Yu Jung,,12820,,
Mixed Doubles,123,Wee Yee Tern/Tan Zhing Hui,,12700,,
Mixed Doubles,124,Choo K J H / Heng X E,,12490,,
Mixed Doubles,125,Wee Yee Hern/Chan Wen Tse,,12420,,
Mixed Doubles,126,Cheng Kai Wen/Liu Chiao-Yun,,12300,,
Mixed Doubles,127,Jeppe Søby/Sofie Røjkjær,,12040,,
Mixed Doubles,128,Bhatnagar I / Balachandra A,,11840,,
Mixed Doubles,129,Wang Chan/Jeong Na-eun,,11720,,
Mixed Doubles,130,Adham Hatem Elgamal/Doha Hany,,11630,,
Mixed Doubles,131,Renaldi Samosir/Masita Mahmudin,,11350,,
Mixed Doubles,132,Tran Dinh Manh/Pham Thi Khanh,,11310,,
Mixed Doubles,133,Chou Yu Hsiang/Liao Yuan Chi,,11240,,
Mixed Doubles,134,Lin Yu Chieh/Lee Chih-chen,,11220,,
Mixed Doubles,135,Lin Bing-Wei/Lin Jhih Yun,,11040,,
Mixed Doubles,136,An Yun Seong/Lee Yu Lim,,11010,,
Mixed Doubles,137,Cho S H / Jeong N E,,10970,,
Mixed Doubles,138,Kim J H / Jeong N E,,10890,,
Mixed Doubles,139,Dev Ayyappan/Nurani Ratu Azzahra,,10810,,
Mixed Doubles,140,Oscar Reuterhall/Nathalie Wang,,10700,,
Mixed Doubles,141,Zaidan Arrafi Awal Nabawi/Jessica Maya Rismawardani,,10370,,
Mixed Doubles,142,Chen Bo-yuan/Sung Yi-hsuan,,10210,,
Mixed Doubles,143,Hariharan Amsakarunan/Treesa Jolly,,10190,,
Mixed Doubles,144,Loh Ziheng/Noraqilah Maisarah,,10170,,
Mixed Doubles,145,Wee Yee Tern/Clarissa San,,10160,,
Mixed Doubles,146,Bugra Aktas/Sinem Yildiz,,9740,,
Mixed Doubles,147,Chen Hung Ming/Chang Yun Jung,,9650,,
Mixed Doubles,148,Jakob Ekman/Fiona Hallberg,,9640,,
Mixed Doubles,149,Jan Colin Voelker/Emma Moszczynski,,9560,,
Mixed Doubles,150,Jonathan Dresp/Selin Hubsch,,9550,,
Mixed Doubles,151,Nicolas Oliva/Ailen Oliva,,9400,,
Mixed Doubles,152,Roberto Carlos Herrera Vazquez/Taymara Oropesa Pupo,,9370,,
Mixed Doubles,153,Frederick Zhao/Jazmine Lam,,9300,,
Mixed Doubles,154,Loh Z / Tan N,,9270,,
Mixed Doubles,155,Gregoire Deschamp/Flavie Vallet,,9140,,
Mixed Doubles,156,Gregoire Deschamp/Iben Bergstein,,9000,,
Mixed Doubles,157,Michal Sobolewski/Joanna Podedworny,,8920,,
Mixed Doubles,158,Kanjanakeereewong V / Rungruengpramong P,,8860,,
Mixed Doubles,159,Mikkel Klinggaard/Nicoline Tang,,8840,,
Mixed Doubles,160,Hussein Zayan Shaheed/Fathimath Nabaaha Abdul Razzaq,,8820,,
Mixed Doubles,161,Tanadon Punpanich/Fungfa Korpthammakit,,8530,,
Mixed Doubles,161,Shen X Y / Tang R Z,,8530,,
Mixed Doubles,163,Mio Molin/Elin Ohling,,8500,,
Mixed Doubles,164,Lu Chen/Lin Yen Yu,,8410,,
Mixed Doubles,165,Miha Ivancic/Anja Jordan,,8380,,
Mixed Doubles,166,Sathwik Reddy Kanapuram/Reshika Uthayasooriyan,,8360,,
Mixed Doubles,167,Ansen Liu/Charity Lam,,8300,,
Mixed Doubles,168,Sharum Durand/Rafaela Munar,,8260,,
Mixed Doubles,169,Robin Harper/Yulia Tang,,8250,,
Mixed Doubles,170,Aymeric Tores/Kirsten de Wit,,8180,,
Mixed Doubles,171,Huang Jui-Hsuan/Chen Yan Fei,,8160,,
Mixed Doubles,172,Eakanath Kitkawinroj/Pitchanard Chaiwanna,,8130,,
Mixed Doubles,173,Joshua Magee/Moya Ryan,,8120,,
Mixed Doubles,174,Pham Van Truong/Bui Bich Phuong,,8060,,
Mixed Doubles,175,Phuwanat Horbanluekit/Fungfa Korpthammakit,,8040,,
Mixed Doubles,176,Miklos Kis-Kasza/Vivien Sandorhazi,,7990,,
Mixed Doubles,177,Calvin Lundsgaard/Signe Schulz,,7980,,
Mixed Doubles,178,Jumar A-A / Akter U,,7890,,
Mixed Doubles,179,Nabila Cahya Permata Ayu/Nahya Muhyifa,,7850,,
Mixed Doubles,180,Bokka Navaneeth/Maheshwari Devi Kshetrimayum,,7820,,
Mixed Doubles,181,Kenta Matsukawa/Riko Kiyose,,7820,,
Mixed Doubles,182,Wang Y H / Lam C W,,7800,,
Mixed Doubles,183,Julie Abusdal/Jonas Oesthassel,,7700,,
Mixed Doubles,184,Yonatan Linarez/Nairoby Abigail Jimenez,,7640,,
Mixed Doubles,185,MA X X / Qin H Z,,7610,,
Mixed Doubles,186,Zachary Desjardins/Simone Huang,,7600,,
Mixed Doubles,187,Soedjasa D / Villegas J,,7510,,
Mixed Doubles,188,Thibault Gardon/Kathell Desmots-Chacun,,7440,,
Mixed Doubles,189,Lin Lin Htet/Su Latt,,7380,,
Mixed Doubles,190,Ganesh Vittalji/Shivani Santosh Singh,,7380,,
Mixed Doubles,191,Timo Stoffelen/Inger Pothuizen,,7280,,
Mixed Doubles,192,Lai Po Yu/Lin Xiao Min,,7280,,
Mixed Doubles,193,Ashraf Daniel Md Zakaria/Lim Xuan,,7210,,
Mixed Doubles,194,Anderson Taveras/Daniela Acosta,,7170,,
Mixed Doubles,195,Ariyabaraneekul S / Povanon A,,7150,,
Mixed Doubles,196,Joaquim Mendonça/Tamires Santos,,7110,,
Mixed Doubles,197,India,,6970,,
Mixed Doubles,198,Wee Yee Hern/Clarissa San,,6959,,
Mixed Doubles,199,Rodrigo Sanjurjo/Nikol Carulla,,6880,,
Mixed Doubles,200,Rio Agustino/Priska Kustiadi,,6860,,
Mixed Doubles,201,Yu Yen Cheng/Sung Yi-hsuan,,6840,,
Mixed Doubles,202,Karunakaran S K / Abbigail Z,,6830,,
Mixed Doubles,203,Chen Zhi Ray/Lin Yen Yu,,6800,,
Mixed Doubles,204,Hung Kuei Chun/Tsang Hiu Yan,,6600,,
Mixed Doubles,205,M Shazmir I / Maisarah N A,,6590,,
Mixed Doubles,206,Matthew Abela/Gabriela Skorkowska,,6420,,
Mixed Doubles,207,Misaki Matsutomo/Misaki Matsutomo,,6420,,
Mixed Doubles,207,Akira Koga/Misaki Matsutomo,,6420,,
Mixed Doubles,209,Michael Owen/Gronya Somerville,,6400,,
Mixed Doubles,210,Adrian King-sun Mar/Ella Lin,,6400,,
Mixed Doubles,211,Chong Zi Xiang/Joanne Ng,,6340,,
Mixed Doubles,212,Frengky Wijaya Putra/Putri Sari Dewi Citra,,6320,,
Mixed Doubles,213,Lim Ming Hong/Stella Pan,,6260,,
Mixed Doubles,214,Marzuan D I / Wulandoko A,,6070,,
Mixed Doubles,215,Tori Aizawa/Hina Osawa,,6060,,
Mixed Doubles,216,Colombia,,6040,,
Mixed Doubles,217,Eason Wong/Thalia Leann Se,,5990,,
Mixed Doubles,218,Shen Xuan Yao/Yang Jia Yi,,5980,,
Mixed Doubles,218,Noh Jin Seong/Lee Ye Na,,5980,,
Mixed Doubles,220,Kamal K / Paul A,,5970,,
Mixed Doubles,221,Kevin Lee/Josephine Wu,,5960,,
Mixed Doubles,222,Tsai Fu Cheng/Sung Yu-Hsuan,,5930,,
Mixed Doubles,223,Mithileish P Krishnan/Varna Prabhuanand,,5910,,
Mixed Doubles,224,Redzuan A / Teh S Y,,5840,,
Mixed Doubles,225,Phuttimeth Semkunta/Fungfa Korpthammakit,,5830,,
Mixed Doubles,226,Huang Tsung-I/Wang Yi Zhen,,5820,,
Mixed Doubles,227,Zi Shun Nicholas Kat/Teo Eng Ker,,5740,,
Mixed Doubles,228,Madee T / Tungkasatan N,,5600,,
Mixed Doubles,229,Raphael Chris Deloy/Yanxi Liu,,5560,,
Mixed Doubles,229,Jordan Wang/Lim Yee-yuan,,5560,,
Mixed Doubles,229,Adam Jeffrey/Laura Lin,,5560,,
Mixed Doubles,232,Chen Ze Ru/Han Chen,,5480,,
Mixed Doubles,233,Kakora C / Ackerman A,,5470,,
Mixed Doubles,234,Madee T / Korpthammakit F,,5470,,
Mixed Doubles,235,Adolfo Lopez/Carmen Maria Jimenez,,5420,,
Mixed Doubles,236,TAN Zhi Yang/Nicole TAN pei en,,5370,,
Mixed Doubles,237,Muhammad Al Farizi/Jessica Maya Rismawardani,,5300,,
Mixed Doubles,238,Kai Chen Teoh/Kai Qi Teoh,,5290,,
Mixed Doubles,239,Sang Won Lee/Kim Min Ji,,5260,,
Mixed Doubles,240,Cheung S S / Chu W C,,5240,,
Mixed Doubles,241,Pongsakorn Thongkham/Jitaphat Thanaphudit,,5210,,
Mixed Doubles,242,Lye Jun Cheng/Wong Kha Yan,,5190,,
Mixed Doubles,243,Armando Gaitan/Romina Fregoso,,5190,,
Mixed Doubles,244,Ayush Dash/Purba Pratyasha Panda,,5160,,
Mixed Doubles,245,Tanadon Punpanich/Hathaithip Mijad,,5150,,
Mixed Doubles,246,Liao P Y / Zhang J H,,5140,,
Mixed Doubles,247,Klerton Zaidan De Carvalho Silva/Maria Julia Da Cruz Nascimento,,5120,,
Mixed Doubles,248,Shuji Sawada/Aya Tamaki,,5080,,
Mixed Doubles,249,Joep Strooper/Sterre Bang,,5010,,
Mixed Doubles,250,Low Han Chen/Vannee Gobi,,5010,,
